# Blender 4.0.2
# www.blender.org
mtllib plateau.mtl
o Cube
v -190.000015 10.000000 -190.000000
v -190.000015 10.000000 22.370607
v -190.000015 10.000000 -19.851612
v -190.000015 10.000000 -22.370611
v -190.000015 10.000000 -62.073833
v -190.000015 10.000000 -64.592834
v -190.000015 10.000000 -146.518280
v -190.000015 10.000000 -149.037277
v -61.967655 10.000000 -190.000000
v 22.476799 10.000000 -190.000000
v 190.000015 10.000000 146.518280
v 190.000015 10.000000 149.037277
v 106.921257 10.000000 190.000000
v 104.189880 10.000000 190.000000
v 22.476795 10.000000 190.000000
v 149.143463 10.000000 -146.518280
v 146.412109 10.000000 -64.592827
v 146.412109 10.000000 -62.073830
v 146.412109 10.000000 -22.370607
v 146.412109 10.000000 62.073833
v 149.143463 10.000000 64.592834
v 149.143463 10.000000 62.073833
v 149.143463 10.000000 149.037277
v 106.921257 10.000000 -106.815056
v 104.189880 10.000000 -64.592827
v 104.189880 10.000000 -62.073830
v 106.921257 10.000000 -62.073830
v 106.921257 10.000000 -22.370607
v 106.921257 10.000000 62.073833
v 104.189880 10.000000 106.815056
v 104.189880 10.000000 149.037277
v 61.967655 10.000000 -106.815056
v 64.699028 10.000000 -106.815056
v 61.967655 10.000000 -64.592827
v 61.967655 10.000000 -62.073830
v 64.699028 10.000000 -62.073830
v 61.967655 10.000000 -19.851608
v 61.967655 10.000000 62.073833
v 61.967655 10.000000 104.296051
v 22.476799 10.000000 -106.815056
v 22.476799 10.000000 -62.073830
v -22.476795 10.000000 -146.518280
v -19.745426 10.000000 -106.815056
v -22.476795 10.000000 64.592834
v -22.476799 10.000000 149.037277
v -19.745430 10.000000 149.037277
v -64.699028 10.000000 -106.815056
v -61.967655 10.000000 -64.592827
v -64.699028 10.000000 62.073833
v -64.699028 10.000000 149.037277
v -106.921257 10.000000 -146.518280
v -106.921257 10.000000 -106.815056
v -104.189880 10.000000 -19.851608
v -104.189880 10.000000 22.370611
v -104.189880 10.000000 62.073833
v -149.143463 10.000000 -146.518280
v -146.412109 10.000000 -146.518280
v -149.143463 10.000000 -104.296051
v -146.412109 10.000000 -62.073830
v -146.412109 10.000000 -22.370607
v -149.143463 10.000000 22.370611
v -146.412109 10.000000 22.370611
v -149.143463 10.000000 62.073833
v -149.143463 10.000000 64.592834
v -146.412109 10.000000 62.073833
v -149.143463 10.000000 106.815056
v -146.412109 10.000000 106.815056
v -146.412109 10.000000 146.518280
v -149.143463 10.000000 146.518280
v 146.412109 10.000000 149.037277
v 149.143463 10.000000 -149.037277
v 149.143463 10.000000 -106.815056
v 146.412109 10.000000 -104.296051
v 146.412109 10.000000 -19.851608
v 146.412109 10.000000 64.592834
v 106.921257 10.000000 149.037277
v 104.189880 10.000000 -22.370607
v 104.189880 10.000000 22.370611
v 106.921257 10.000000 104.296051
v 64.699028 10.000000 -190.000000
v 61.967655 10.000000 -146.518280
v 61.967655 10.000000 64.592834
v 61.967655 10.000000 146.518280
v 22.476799 10.000000 -146.518280
v 22.476799 10.000000 -64.592827
v 22.476799 10.000000 -104.296051
v 22.476797 10.000000 104.296051
v -19.745426 10.000000 -146.518280
v -22.476795 10.000000 -19.851608
v -64.699028 10.000000 190.000000
v -64.699028 10.000000 -149.037277
v -61.967655 10.000000 -106.815056
v -64.699028 10.000000 -64.592827
v -64.699028 10.000000 -62.073830
v -64.699028 10.000000 -22.370607
v -61.967655 10.000000 62.073833
v -61.967655 10.000000 22.370611
v -104.189880 10.000000 -190.000000
v -104.189880 10.000000 -146.518280
v -106.921257 10.000000 -64.592827
v -104.189880 10.000000 -64.592827
v -104.189880 10.000000 -104.296051
v -106.921257 10.000000 -62.073830
v -106.921257 10.000000 -22.370607
v -104.189880 10.000000 -22.370607
v -104.189880 10.000000 -62.073830
v -104.189880 10.000000 19.851612
v -149.143463 10.000000 149.037277
v -146.412109 10.000000 19.851612
v -146.412109 10.000000 64.592834
v 190.000015 10.000000 -64.592827
v 190.000015 10.000000 64.592834
v 190.000015 10.000000 62.073833
v 190.000015 10.000000 106.815056
v 190.000015 10.000000 104.296051
v -190.000015 10.000000 -104.296051
v 190.000015 10.000000 190.000000
v 146.412109 10.000000 190.000000
v 149.143463 10.000000 -190.000000
v 149.143463 10.000000 -62.073830
v 146.412109 10.000000 19.851612
v 146.412109 10.000000 106.815056
v 106.921257 10.000000 -146.518280
v 104.189880 10.000000 -104.296051
v 106.921257 10.000000 -64.592827
v 106.921257 10.000000 -104.296051
v 104.189880 10.000000 146.518280
v 64.699028 10.000000 149.037277
v 64.699028 10.000000 -146.518280
v 61.967655 10.000000 -104.296051
v 64.699028 10.000000 -19.851608
v 64.699028 10.000000 104.296051
v 61.967655 10.000000 106.815056
v 22.476799 10.000000 -149.037277
v 22.476799 10.000000 62.073833
v 19.745428 10.000000 104.296051
v 19.745426 10.000000 146.518280
v 22.476795 10.000000 146.518280
v -22.476799 10.000000 190.000000
v -19.745426 10.000000 -104.296051
v -19.745426 10.000000 -22.370607
v -22.476795 10.000000 22.370611
v -19.745428 10.000000 106.815056
v -61.967655 10.000000 190.000000
v -61.967655 10.000000 149.037277
v -64.699028 10.000000 -146.518280
v -61.967655 10.000000 -22.370607
v -61.967655 10.000000 -62.073830
v -64.699028 10.000000 -19.851608
v -61.967655 10.000000 -19.851608
v -106.921257 10.000000 190.000000
v -104.189880 10.000000 190.000000
v -104.189880 10.000000 149.037277
v -106.921257 10.000000 -190.000000
v -106.921257 10.000000 -149.037277
v -104.189880 10.000000 -149.037277
v -106.921257 10.000000 -104.296051
v -106.921257 10.000000 -19.851608
v -149.143463 10.000000 -190.000000
v -149.143463 10.000000 -149.037277
v -149.143463 10.000000 -106.815056
v -146.412109 10.000000 -104.296051
v 190.000015 10.000000 -19.851608
v 190.000015 10.000000 -22.370607
v -190.000015 10.000000 -106.815056
v 190.000015 10.000000 -190.000000
v 149.143463 10.000000 190.000000
v 146.412109 10.000000 -190.000000
v 146.412109 10.000000 -149.037277
v 149.143463 10.000000 -104.296051
v 149.143463 10.000000 -22.370607
v 149.143463 10.000000 19.851612
v 149.143463 10.000000 -19.851608
v 104.189880 10.000000 -190.000000
v 106.921257 10.000000 -149.037277
v 106.921257 10.000000 -190.000000
v 104.189880 10.000000 -146.518280
v 104.189880 10.000000 -19.851608
v 104.189880 10.000000 19.851612
v 106.921257 10.000000 19.851612
v 106.921257 10.000000 -19.851608
v 104.189880 10.000000 62.073833
v 104.189880 10.000000 64.592834
v 104.189880 10.000000 104.296051
v 106.921257 10.000000 64.592834
v 106.921257 10.000000 146.518280
v 61.967655 10.000000 149.037277
v 61.967655 10.000000 -149.037277
v 64.699028 10.000000 -149.037277
v 61.967655 10.000000 -22.370607
v 64.699028 10.000000 62.073833
v 64.699028 10.000000 22.370611
v 64.699028 10.000000 146.518280
v 19.745426 10.000000 149.037277
v 22.476795 10.000000 149.037277
v 19.745430 10.000000 -190.000000
v 19.745430 10.000000 -149.037277
v 19.745430 10.000000 -146.518280
v 19.745430 10.000000 -106.815056
v 19.745430 10.000000 -104.296051
v 19.745430 10.000000 -64.592827
v 22.476799 10.000000 19.851612
v 22.476799 10.000000 22.370611
v 19.745430 10.000000 64.592834
v 19.745428 10.000000 106.815056
v 22.476797 10.000000 106.815056
v -22.476795 10.000000 -190.000000
v -22.476795 10.000000 -149.037277
v -19.745426 10.000000 -190.000000
v -22.476795 10.000000 -104.296051
v -22.476795 10.000000 -64.592827
v -19.745426 10.000000 -64.592827
v -22.476795 10.000000 -62.073830
v -22.476795 10.000000 -22.370607
v -19.745426 10.000000 -62.073830
v -19.745426 10.000000 22.370611
v -22.476797 10.000000 104.296051
v -19.745428 10.000000 104.296051
v -22.476797 10.000000 106.815056
v -22.476799 10.000000 146.518280
v -19.745430 10.000000 146.518280
v -61.967655 10.000000 -146.518280
v -64.699028 10.000000 -104.296051
v -61.967655 10.000000 -104.296051
v -64.699028 10.000000 19.851612
v -61.967655 10.000000 19.851612
v -64.699028 10.000000 104.296051
v -61.967655 10.000000 104.296051
v -61.967655 10.000000 64.592834
v -64.699028 10.000000 146.518280
v -61.967655 10.000000 146.518280
v -104.189880 10.000000 -106.815056
v -106.921257 10.000000 104.296051
v -104.189880 10.000000 104.296051
v -104.189880 10.000000 64.592834
v -104.189880 10.000000 146.518280
v -146.412109 10.000000 -149.037277
v -146.412109 10.000000 -64.592827
v -149.143463 10.000000 -62.073830
v -149.143463 10.000000 -22.370607
v -149.143463 10.000000 -19.851608
v -149.143463 10.000000 19.851612
v -146.412109 10.000000 -19.851608
v 190.000015 10.000000 -146.518280
v 190.000015 10.000000 -106.815056
v 190.000015 10.000000 22.370611
v 190.000015 10.000000 19.851612
v -190.000015 10.000000 19.851608
v -190.000015 10.000000 64.592827
v -190.000015 10.000000 62.073830
v -190.000015 10.000000 106.815056
v -190.000015 10.000000 104.296051
v -190.000015 10.000000 149.037277
v -190.000015 10.000000 146.518280
v -190.000015 10.000000 190.000000
v 146.412109 10.000000 -146.518280
v 146.412109 10.000000 -106.815056
v 149.143463 10.000000 -64.592827
v 146.412109 10.000000 22.370611
v 149.143463 10.000000 22.370611
v 146.412109 10.000000 104.296051
v 149.143463 10.000000 104.296051
v 146.412109 10.000000 146.518280
v 149.143463 10.000000 146.518280
v 149.143463 10.000000 106.815056
v 104.189880 10.000000 -149.037277
v 104.189880 10.000000 -106.815056
v 106.921257 10.000000 22.370611
v 106.921257 10.000000 106.815056
v 61.967655 10.000000 190.000000
v 64.699028 10.000000 190.000000
v 61.967655 10.000000 -190.000000
v 64.699028 10.000000 -64.592827
v 64.699028 10.000000 -104.296051
v 64.699028 10.000000 -22.370607
v 61.967655 10.000000 19.851612
v 64.699028 10.000000 19.851612
v 61.967655 10.000000 22.370611
v 64.699028 10.000000 64.592834
v 64.699028 10.000000 106.815056
v 19.745426 10.000000 190.000000
v 19.745430 10.000000 -62.073830
v 19.745430 10.000000 -22.370607
v 22.476799 10.000000 -22.370607
v 19.745430 10.000000 -19.851608
v 19.745430 10.000000 19.851612
v 22.476799 10.000000 -19.851608
v 19.745430 10.000000 22.370611
v 19.745430 10.000000 62.073833
v 22.476799 10.000000 64.592834
v -19.745430 10.000000 190.000000
v -19.745426 10.000000 -149.037277
v -22.476795 10.000000 -106.815056
v -22.476795 10.000000 19.851612
v -19.745426 10.000000 19.851612
v -19.745426 10.000000 -19.851608
v -22.476795 10.000000 62.073833
v -19.745426 10.000000 62.073833
v -19.745426 10.000000 64.592834
v -64.699028 10.000000 -190.000000
v -61.967655 10.000000 -149.037277
v -64.699028 10.000000 22.370611
v -64.699028 10.000000 64.592834
v -64.699028 10.000000 106.815056
v -61.967655 10.000000 106.815056
v -106.921257 10.000000 149.037277
v -106.921257 10.000000 19.851612
v -106.921257 10.000000 22.370611
v -106.921257 10.000000 62.073833
v -106.921257 10.000000 64.592834
v -106.921257 10.000000 106.815056
v -106.921257 10.000000 146.518280
v -104.189880 10.000000 106.815056
v -149.143463 10.000000 190.000000
v -146.412109 10.000000 190.000000
v -146.412109 10.000000 149.037277
v -146.412109 10.000000 -190.000000
v -146.412109 10.000000 -106.815056
v -149.143463 10.000000 -64.592827
v -149.143463 10.000000 104.296051
v -146.412109 10.000000 104.296051
v 190.000015 10.000000 -149.037277
v 190.000015 10.000000 -104.296051
v 190.000015 10.000000 -62.073830
v 146.412109 14.541003 149.037277
v 146.412109 14.541003 190.000000
v 149.143463 14.541003 190.000000
v 149.143463 14.541003 149.037277
v 146.412109 14.541003 -190.000000
v 146.412109 14.541003 -149.037277
v 149.143463 14.541003 -149.037277
v 149.143463 14.541003 -190.000000
v 146.412109 14.541003 -146.518280
v 146.412109 14.541003 -106.815056
v 149.143463 14.541003 -106.815056
v 149.143463 14.541003 -146.518280
v 146.412109 14.541003 -104.296051
v 146.412109 14.541003 -64.592827
v 149.143463 14.541003 -64.592827
v 149.143463 14.541003 -104.296051
v 146.412109 14.541003 -62.073830
v 146.412109 14.541003 -22.370607
v 149.143463 14.541003 -22.370607
v 149.143463 14.541003 -62.073830
v 146.412109 14.541003 -19.851608
v 146.412109 14.541003 19.851612
v 149.143463 14.541003 19.851612
v 149.143463 14.541003 -19.851608
v 146.412109 14.541003 22.370611
v 146.412109 14.541003 62.073833
v 149.143463 14.541003 62.073833
v 149.143463 14.541003 22.370611
v 146.412109 14.541003 64.592834
v 146.412109 14.541003 104.296051
v 149.143463 14.541003 104.296051
v 149.143463 14.541003 64.592834
v 146.412109 14.541003 106.815056
v 146.412109 14.541003 146.518280
v 149.143463 14.541003 146.518280
v 149.143463 14.541003 106.815056
v 104.189880 14.541003 149.037277
v 104.189880 14.541003 190.000000
v 106.921257 14.541003 190.000000
v 106.921257 14.541003 149.037277
v 104.189880 14.541003 -190.000000
v 104.189880 14.541003 -149.037277
v 106.921257 14.541003 -149.037277
v 106.921257 14.541003 -190.000000
v 104.189880 14.541003 -146.518280
v 104.189880 14.541003 -106.815056
v 106.921257 14.541003 -106.815056
v 106.921257 14.541003 -146.518280
v 104.189880 14.541003 -104.296051
v 104.189880 14.541003 -64.592827
v 106.921257 14.541003 -64.592827
v 106.921257 14.541003 -104.296051
v 104.189880 14.541003 -62.073830
v 104.189880 14.541003 -22.370607
v 106.921257 14.541003 -22.370607
v 106.921257 14.541003 -62.073830
v 104.189880 14.541003 -19.851608
v 104.189880 14.541003 19.851612
v 106.921257 14.541003 19.851612
v 106.921257 14.541003 -19.851608
v 104.189880 14.541003 22.370611
v 104.189880 14.541003 62.073833
v 106.921257 14.541003 62.073833
v 106.921257 14.541003 22.370611
v 104.189880 14.541003 64.592834
v 104.189880 14.541003 104.296051
v 106.921257 14.541003 104.296051
v 106.921257 14.541003 64.592834
v 104.189880 14.541003 106.815056
v 104.189880 14.541003 146.518280
v 106.921257 14.541003 146.518280
v 106.921257 14.541003 106.815056
v 61.967655 14.541003 149.037277
v 61.967655 14.541003 190.000000
v 64.699028 14.541003 190.000000
v 64.699028 14.541003 149.037277
v 61.967655 14.541003 -190.000000
v 61.967655 14.541003 -149.037277
v 64.699028 14.541003 -149.037277
v 64.699028 14.541003 -190.000000
v 61.967655 14.541003 -146.518280
v 61.967655 14.541003 -106.815056
v 64.699028 14.541003 -106.815056
v 64.699028 14.541003 -146.518280
v 61.967655 14.541003 -104.296051
v 61.967655 14.541003 -64.592827
v 64.699028 14.541003 -64.592827
v 64.699028 14.541003 -104.296051
v 61.967655 14.541003 -62.073830
v 61.967655 14.541003 -22.370607
v 64.699028 14.541003 -22.370607
v 64.699028 14.541003 -62.073830
v 61.967655 14.541003 -19.851608
v 61.967655 14.541003 19.851612
v 64.699028 14.541003 19.851612
v 64.699028 14.541003 -19.851608
v 61.967655 14.541003 22.370611
v 61.967655 14.541003 62.073833
v 64.699028 14.541003 62.073833
v 64.699028 14.541003 22.370611
v 61.967655 14.541003 64.592834
v 61.967655 14.541003 104.296051
v 64.699028 14.541003 104.296051
v 64.699028 14.541003 64.592834
v 61.967655 14.541003 106.815056
v 61.967655 14.541003 146.518280
v 64.699028 14.541003 146.518280
v 64.699028 14.541003 106.815056
v 19.745426 14.541003 149.037277
v 19.745426 14.541003 190.000000
v 22.476795 14.541003 190.000000
v 22.476795 14.541003 149.037277
v 19.745430 14.541003 -190.000000
v 19.745430 14.541003 -149.037277
v 22.476799 14.541003 -149.037277
v 22.476799 14.541003 -190.000000
v 19.745430 14.541003 -146.518280
v 19.745430 14.541003 -106.815056
v 22.476799 14.541003 -106.815056
v 22.476799 14.541003 -146.518280
v 19.745430 14.541003 -104.296051
v 19.745430 14.541003 -64.592827
v 22.476799 14.541003 -64.592827
v 22.476799 14.541003 -104.296051
v 19.745430 14.541003 -62.073830
v 19.745430 14.541003 -22.370607
v 22.476799 14.541003 -22.370607
v 22.476799 14.541003 -62.073830
v 19.745430 14.541003 -19.851608
v 19.745430 14.541003 19.851612
v 22.476799 14.541003 19.851612
v 22.476799 14.541003 -19.851608
v 19.745430 14.541003 22.370611
v 19.745430 14.541003 62.073833
v 22.476799 14.541003 62.073833
v 22.476799 14.541003 22.370611
v 19.745430 14.541003 64.592834
v 19.745428 14.541003 104.296051
v 22.476797 14.541003 104.296051
v 22.476799 14.541003 64.592834
v 19.745428 14.541003 106.815056
v 19.745426 14.541003 146.518280
v 22.476795 14.541003 146.518280
v 22.476797 14.541003 106.815056
v -22.476799 14.541003 149.037277
v -22.476799 14.541003 190.000000
v -19.745430 14.541003 190.000000
v -19.745430 14.541003 149.037277
v -22.476795 14.541003 -190.000000
v -22.476795 14.541003 -149.037277
v -19.745426 14.541003 -149.037277
v -19.745426 14.541003 -190.000000
v -22.476795 14.541003 -146.518280
v -22.476795 14.541003 -106.815056
v -19.745426 14.541003 -106.815056
v -19.745426 14.541003 -146.518280
v -22.476795 14.541003 -104.296051
v -22.476795 14.541003 -64.592827
v -19.745426 14.541003 -64.592827
v -19.745426 14.541003 -104.296051
v -22.476795 14.541003 -62.073830
v -22.476795 14.541003 -22.370607
v -19.745426 14.541003 -22.370607
v -19.745426 14.541003 -62.073830
v -22.476795 14.541003 -19.851608
v -22.476795 14.541003 19.851612
v -19.745426 14.541003 19.851612
v -19.745426 14.541003 -19.851608
v -22.476795 14.541003 22.370611
v -22.476795 14.541003 62.073833
v -19.745426 14.541003 62.073833
v -19.745426 14.541003 22.370611
v -22.476795 14.541003 64.592834
v -22.476797 14.541003 104.296051
v -19.745428 14.541003 104.296051
v -19.745426 14.541003 64.592834
v -22.476797 14.541003 106.815056
v -22.476799 14.541003 146.518280
v -19.745430 14.541003 146.518280
v -19.745428 14.541003 106.815056
v -64.699028 14.541003 149.037277
v -64.699028 14.541003 190.000000
v -61.967655 14.541003 190.000000
v -61.967655 14.541003 149.037277
v -64.699028 14.541003 -190.000000
v -64.699028 14.541003 -149.037277
v -61.967655 14.541003 -149.037277
v -61.967655 14.541003 -190.000000
v -64.699028 14.541003 -146.518280
v -64.699028 14.541003 -106.815056
v -61.967655 14.541003 -106.815056
v -61.967655 14.541003 -146.518280
v -64.699028 14.541003 -104.296051
v -64.699028 14.541003 -64.592827
v -61.967655 14.541003 -64.592827
v -61.967655 14.541003 -104.296051
v -64.699028 14.541003 -62.073830
v -64.699028 14.541003 -22.370607
v -61.967655 14.541003 -22.370607
v -61.967655 14.541003 -62.073830
v -64.699028 14.541003 -19.851608
v -64.699028 14.541003 19.851612
v -61.967655 14.541003 19.851612
v -61.967655 14.541003 -19.851608
v -64.699028 14.541003 22.370611
v -64.699028 14.541003 62.073833
v -61.967655 14.541003 62.073833
v -61.967655 14.541003 22.370611
v -64.699028 14.541003 64.592834
v -64.699028 14.541003 104.296051
v -61.967655 14.541003 104.296051
v -61.967655 14.541003 64.592834
v -64.699028 14.541003 106.815056
v -64.699028 14.541003 146.518280
v -61.967655 14.541003 146.518280
v -61.967655 14.541003 106.815056
v -106.921257 14.541003 149.037277
v -106.921257 14.541003 190.000000
v -104.189880 14.541003 190.000000
v -104.189880 14.541003 149.037277
v -106.921257 14.541003 -190.000000
v -106.921257 14.541003 -149.037277
v -104.189880 14.541003 -149.037277
v -104.189880 14.541003 -190.000000
v -106.921257 14.541003 -146.518280
v -106.921257 14.541003 -106.815056
v -104.189880 14.541003 -106.815056
v -104.189880 14.541003 -146.518280
v -106.921257 14.541003 -104.296051
v -106.921257 14.541003 -64.592827
v -104.189880 14.541003 -64.592827
v -104.189880 14.541003 -104.296051
v -106.921257 14.541003 -62.073830
v -106.921257 14.541003 -22.370607
v -104.189880 14.541003 -22.370607
v -104.189880 14.541003 -62.073830
v -106.921257 14.541003 -19.851608
v -106.921257 14.541003 19.851612
v -104.189880 14.541003 19.851612
v -104.189880 14.541003 -19.851608
v -106.921257 14.541003 22.370611
v -106.921257 14.541003 62.073833
v -104.189880 14.541003 62.073833
v -104.189880 14.541003 22.370611
v -106.921257 14.541003 64.592834
v -106.921257 14.541003 104.296051
v -104.189880 14.541003 104.296051
v -104.189880 14.541003 64.592834
v -106.921257 14.541003 106.815056
v -106.921257 14.541003 146.518280
v -104.189880 14.541003 146.518280
v -104.189880 14.541003 106.815056
v -149.143463 14.541003 149.037277
v -149.143463 14.541003 190.000000
v -146.412109 14.541003 190.000000
v -146.412109 14.541003 149.037277
v -149.143463 14.541003 -190.000000
v -149.143463 14.541003 -149.037277
v -146.412109 14.541003 -149.037277
v -146.412109 14.541003 -190.000000
v -149.143463 14.541003 -146.518280
v -149.143463 14.541003 -106.815056
v -146.412109 14.541003 -106.815056
v -146.412109 14.541003 -146.518280
v -149.143463 14.541003 -104.296051
v -149.143463 14.541003 -64.592827
v -146.412109 14.541003 -64.592827
v -146.412109 14.541003 -104.296051
v -149.143463 14.541003 -62.073830
v -149.143463 14.541003 -22.370607
v -146.412109 14.541003 -22.370607
v -146.412109 14.541003 -62.073830
v -149.143463 14.541003 -19.851608
v -149.143463 14.541003 19.851612
v -146.412109 14.541003 19.851612
v -146.412109 14.541003 -19.851608
v -149.143463 14.541003 22.370611
v -149.143463 14.541003 62.073833
v -146.412109 14.541003 62.073833
v -146.412109 14.541003 22.370611
v -149.143463 14.541003 64.592834
v -149.143463 14.541003 104.296051
v -146.412109 14.541003 104.296051
v -146.412109 14.541003 64.592834
v -149.143463 14.541003 106.815056
v -149.143463 14.541003 146.518280
v -146.412109 14.541003 146.518280
v -146.412109 14.541003 106.815056
v 190.000015 14.541003 -146.518280
v 190.000015 14.541003 -149.037277
v 190.000015 14.541003 -104.296051
v 190.000015 14.541003 -106.815056
v 190.000015 14.541003 -62.073830
v 190.000015 14.541003 -64.592827
v 190.000015 14.541003 -19.851608
v 190.000015 14.541003 -22.370607
v 190.000015 14.541003 22.370611
v 190.000015 14.541003 19.851612
v 190.000015 14.541003 64.592834
v 190.000015 14.541003 62.073833
v 190.000015 14.541003 106.815056
v 190.000015 14.541003 104.296051
v 190.000015 14.541003 149.037277
v 190.000015 14.541003 146.518280
v -190.000015 14.541003 -146.518280
v -190.000015 14.541003 -149.037277
v -190.000015 14.541003 -104.296051
v -190.000015 14.541003 -106.815056
v -190.000015 14.541003 -62.073833
v -190.000015 14.541003 -64.592834
v -190.000015 14.541003 -19.851612
v -190.000015 14.541003 -22.370611
v -190.000015 14.541003 22.370607
v -190.000015 14.541003 19.851608
v -190.000015 14.541003 64.592827
v -190.000015 14.541003 62.073830
v -190.000015 14.541003 106.815056
v -190.000015 14.541003 104.296051
v -190.000015 14.541003 149.037277
v -190.000015 14.541003 146.518280
v -190.000015 14.541003 190.000000
v -190.000015 14.541003 -190.000000
v 190.000015 14.541003 -190.000000
v 190.000015 14.541003 190.000000
v 209.935684 -26.863495 -209.935669
v 209.935684 -26.863495 209.935669
v -209.935684 -26.863495 209.935669
v -209.935684 -26.863495 -209.935669
v 143.994354 7.883609 143.994370
v 191.108749 9.021582 191.108749
v 192.064209 8.036114 192.064194
v 193.450348 7.007497 193.450348
v 195.489502 5.946245 195.489487
v 197.610748 5.096002 197.610748
v 200.044495 4.159618 200.044464
v 202.223099 3.418435 202.223099
v 204.226395 2.781986 204.226379
v 205.979202 1.911649 205.979187
v 207.496033 0.738307 207.496017
v 208.302612 -0.412066 208.302597
v 208.287140 -1.763652 208.287140
v 207.748123 -2.759987 207.748108
v 206.700806 -3.611362 206.700806
v 204.990067 -4.436308 204.990067
v 201.268097 -5.529025 201.268082
v 197.359222 -6.193465 197.359207
v 193.450348 -6.857905 193.450348
v 193.450348 -8.748642 193.450348
v 209.935684 -14.292727 -209.935669
v 143.994354 7.883609 -143.994370
v 193.450348 -8.748642 -193.450348
v 193.450348 -6.857905 -193.450348
v 197.359222 -6.193465 -197.359207
v 201.268097 -5.529025 -201.268082
v 204.990082 -4.436308 -204.990067
v 206.700821 -3.611362 -206.700806
v 207.748123 -2.759987 -207.748108
v 208.287140 -1.763652 -208.287140
v 208.302612 -0.412066 -208.302597
v 207.496033 0.738307 -207.496017
v 205.979202 1.911649 -205.979187
v 204.226395 2.781986 -204.226379
v 202.223114 3.418435 -202.223099
v 200.044495 4.159618 -200.044464
v 197.610764 5.096002 -197.610748
v 195.489502 5.946245 -195.489502
v 193.450348 7.007497 -193.450348
v 192.064209 8.036114 -192.064209
v 191.108765 9.021582 -191.108749
v -143.994354 7.883609 -143.994370
v -191.108749 9.021582 -191.108749
v -192.064209 8.036114 -192.064194
v -193.450348 7.007497 -193.450348
v -195.489502 5.946245 -195.489487
v -197.610748 5.096002 -197.610748
v -200.044495 4.159618 -200.044464
v -202.223099 3.418435 -202.223099
v -204.226395 2.781986 -204.226379
v -205.979202 1.911649 -205.979187
v -207.496033 0.738307 -207.496017
v -208.302612 -0.412066 -208.302597
v -208.287140 -1.763652 -208.287140
v -207.748123 -2.759987 -207.748108
v -206.700806 -3.611362 -206.700806
v -204.990067 -4.436308 -204.990067
v -201.268097 -5.529025 -201.268082
v -197.359222 -6.193465 -197.359207
v -193.450348 -6.857905 -193.450348
v -193.450348 -8.748642 -193.450348
v -209.935684 -14.292727 209.935669
v -143.994354 7.883609 143.994370
v -193.450348 -8.748642 193.450348
v -193.450348 -6.857905 193.450348
v -197.359222 -6.193465 197.359207
v -201.268097 -5.529025 201.268082
v -204.990082 -4.436308 204.990067
v -206.700821 -3.611362 206.700806
v -207.748123 -2.759987 207.748108
v -208.287140 -1.763652 208.287140
v -208.302612 -0.412066 208.302597
v -207.496033 0.738307 207.496017
v -205.979202 1.911649 205.979187
v -204.226395 2.781986 204.226379
v -202.223114 3.418435 202.223099
v -200.044495 4.159618 200.044464
v -197.610764 5.096002 197.610748
v -195.489502 5.946245 195.489502
v -193.450348 7.007497 193.450348
v -192.064209 8.036114 192.064209
v -191.108765 9.021582 191.108749
v 176.664917 -9.520819 176.664948
v 200.436508 -8.946654 200.436523
v 201.617981 -9.962862 201.617981
v 203.717117 -10.927310 203.717102
v 206.044281 -11.773727 206.044266
v 208.704758 -13.125989 208.704742
v 209.103912 -14.388353 209.103882
v 208.303528 -15.320619 208.303513
v 205.562424 -16.288177 205.562408
v 203.590210 -16.623421 203.590210
v 201.617981 -16.958664 201.617981
v 201.617981 -17.912638 201.617981
v 209.935684 -17.530001 209.935669
v 176.664917 -9.520819 -176.664948
v 209.935684 -17.530001 -209.935669
v 201.617981 -17.912638 -201.617981
v 201.617981 -16.958664 -201.617981
v 203.590210 -16.623421 -203.590210
v 205.562424 -16.288177 -205.562408
v 207.440369 -15.736846 -207.440369
v 208.831940 -14.891056 -208.831940
v 208.704758 -13.125989 -208.704742
v 207.055054 -12.094847 -207.055038
v 204.945068 -11.399762 -204.945053
v 202.646851 -10.498319 -202.646835
v 201.617981 -9.962862 -201.617981
v 200.436508 -8.946654 -200.436523
v -176.664917 -9.520819 -176.664948
v -199.954453 -8.449435 -199.954437
v -200.918610 -9.443872 -200.918610
v -202.646851 -10.498319 -202.646835
v -204.945068 -11.399762 -204.945053
v -207.055054 -12.094847 -207.055038
v -208.704758 -13.125989 -208.704742
v -209.103912 -14.388353 -209.103882
v -207.440369 -15.736846 -207.440369
v -205.562424 -16.288177 -205.562408
v -203.590210 -16.623421 -203.590210
v -201.617981 -16.958664 -201.617981
v -201.617981 -17.912638 -201.617981
v -209.935684 -17.530001 -209.935669
v -176.664917 -9.520819 176.664948
v -209.935684 -17.530001 209.935669
v -201.617981 -17.912638 201.617981
v -201.617981 -16.958664 201.617981
v -203.590210 -16.623421 203.590210
v -205.562424 -16.288177 205.562408
v -207.440369 -15.736846 207.440369
v -208.831940 -14.891056 208.831940
v -208.704758 -13.125989 208.704742
v -207.055054 -12.094847 207.055038
v -204.945068 -11.399762 204.945053
v -203.717117 -10.927310 203.717102
v -201.617981 -9.962862 201.617981
v -200.436508 -8.946654 200.436523
vn -0.0000 -0.0000 1.0000
vn 1.0000 -0.0000 -0.0000
vn -0.0000 -0.0000 -1.0000
vn -1.0000 -0.0000 -0.0000
vn -0.0000 1.0000 -0.0000
vn 0.0460 -0.9989 -0.0000
vn -0.0000 -1.0000 -0.0000
vn -0.0460 -0.9989 -0.0000
vn -0.0000 -0.9989 0.0460
vn -0.0000 -0.9989 -0.0460
vn 1.0000 -0.0000 0.0020
vn -0.0000 0.0665 -0.9978
vn -1.0000 -0.0000 -0.0020
vn 0.1676 -0.9859 -0.0000
vn 0.2817 -0.9595 -0.0000
vn 0.4344 -0.9007 -0.0000
vn 0.6308 -0.7760 -0.0000
vn 0.8795 -0.4758 -0.0000
vn 0.9999 -0.0114 -0.0000
vn 0.8188 0.5741 -0.0000
vn 0.6119 0.7910 -0.0000
vn 0.4447 0.8957 -0.0000
vn 0.3028 0.9531 -0.0000
vn 0.3221 0.9467 -0.0000
vn 0.3591 0.9333 -0.0000
vn 0.3720 0.9282 -0.0000
vn 0.4617 0.8871 -0.0000
vn 0.5959 0.8030 -0.0000
vn 0.7179 0.6961 -0.0000
vn 0.6617 0.7498 -0.0000
vn -0.0460 0.9989 -0.0000
vn -0.1676 -0.9859 -0.0000
vn -0.2817 -0.9595 -0.0000
vn -0.4344 -0.9007 -0.0000
vn -0.6308 -0.7760 -0.0000
vn -0.8795 -0.4758 -0.0000
vn -0.9999 -0.0114 -0.0000
vn -0.8188 0.5741 -0.0000
vn -0.6119 0.7910 -0.0000
vn -0.4447 0.8957 -0.0000
vn -0.3028 0.9531 -0.0000
vn -0.3221 0.9467 -0.0000
vn -0.3591 0.9333 -0.0000
vn -0.3720 0.9282 -0.0000
vn -0.4617 0.8871 -0.0000
vn -0.5959 0.8030 -0.0000
vn -0.7179 0.6961 -0.0000
vn -0.6617 0.7498 -0.0000
vn -0.0000 -0.9859 -0.1676
vn -0.0000 -0.9595 -0.2817
vn -0.0000 -0.9007 -0.4343
vn -0.0000 -0.7760 -0.6308
vn -0.0000 -0.4758 -0.8795
vn -0.0000 -0.0114 -0.9999
vn -0.0000 0.5741 -0.8188
vn -0.0000 0.7910 -0.6119
vn -0.0000 0.8957 -0.4447
vn -0.0000 0.9531 -0.3028
vn -0.0000 0.9467 -0.3221
vn -0.0000 0.9333 -0.3591
vn -0.0000 0.9282 -0.3720
vn -0.0000 0.8871 -0.4617
vn -0.0000 0.8030 -0.5959
vn -0.0000 0.6961 -0.7179
vn -0.0000 0.7498 -0.6617
vn -0.0000 0.9989 0.0460
vn -0.0000 0.9989 -0.0460
vn -0.0000 0.7498 0.6617
vn -0.0000 0.6961 0.7180
vn -0.0000 0.8030 0.5959
vn -0.0000 0.8871 0.4617
vn -0.0000 0.9282 0.3720
vn -0.0000 0.9333 0.3591
vn -0.0000 0.9467 0.3221
vn -0.0000 0.9531 0.3028
vn -0.0000 0.8957 0.4447
vn -0.0000 0.7910 0.6119
vn -0.0000 0.5741 0.8188
vn -0.0000 -0.0114 0.9999
vn -0.0000 -0.4758 0.8795
vn -0.0000 -0.7760 0.6308
vn -0.0000 -0.9007 0.4344
vn -0.0000 -0.9595 0.2817
vn -0.0000 -0.9859 0.1676
vn -0.0000 0.0665 0.9978
vn -0.0241 0.9997 -0.0000
vn 0.6521 0.7581 -0.0000
vn 0.3652 0.9309 -0.0000
vn 0.3129 0.9498 -0.0000
vn 0.5305 0.8477 0.0006
vn 0.9974 0.0719 -0.0000
vn 0.7586 -0.6515 0.0003
vn 0.5192 -0.8546 -0.0002
vn 0.2820 -0.9594 0.0004
vn 0.0254 0.9997 0.0013
vn -0.7180 0.6961 -0.0000
vn -0.6522 0.7581 -0.0002
vn -0.4176 0.9086 -0.0001
vn -0.3129 0.9498 -0.0000
vn -0.5300 0.8480 -0.0000
vn -0.6887 0.7250 -0.0015
vn -0.4771 -0.8788 -0.0007
vn -0.6294 -0.7771 -0.0005
vn -0.5194 -0.8545 -0.0000
vn 0.0460 0.9989 -0.0000
vn -0.0002 0.7581 -0.6522
vn 0.0002 0.8536 -0.5210
vn -0.0000 0.9309 -0.3652
vn -0.0000 0.9498 -0.3129
vn -0.0000 0.8480 -0.5300
vn -0.0000 0.3015 -0.9535
vn 0.0007 0.0719 -0.9974
vn -0.0000 -0.7768 -0.6297
vn 0.0004 -0.9594 0.2820
vn -0.0002 -0.8546 0.5192
vn 0.0007 -0.8788 0.4772
vn 0.0020 0.3020 0.9533
vn -0.0000 0.7258 0.6879
vn 0.0006 0.8477 0.5305
vn -0.0000 0.9498 0.3129
vn -0.0000 0.9087 0.4175
vn -0.0000 0.7581 0.6521
vn -0.0000 0.9997 -0.0241
vn 0.9978 0.0665 -0.0000
vn -0.0020 -0.0000 -1.0000
vn -0.9978 0.0665 -0.0000
vn 0.7180 0.6961 -0.0000
vn -0.0000 -0.9007 -0.4344
vn -0.0000 0.7910 -0.6118
vn -0.0000 0.9282 -0.3721
vn -0.0000 0.6961 -0.7180
vn -0.0000 0.7498 0.6616
vn -0.0000 0.6961 0.7179
vn -0.0000 0.7910 0.6118
vn -0.0000 -0.9007 0.4343
vn 0.0020 -0.0000 1.0000
vn 0.4176 0.9086 -0.0001
vn 0.3419 0.9398 -0.0001
vn 0.4531 0.8915 -0.0000
vn 0.9536 0.3012 -0.0010
vn 0.3329 -0.9430 -0.0000
vn -0.5210 0.8536 0.0002
vn -0.3652 0.9309 -0.0000
vn -0.9535 0.3015 -0.0000
vn 0.0013 0.9997 0.0254
vn -0.0000 0.8871 -0.4616
vn -0.0007 -0.8542 -0.5199
vn -0.0000 -0.9430 0.3329
vn 0.0003 -0.6515 0.7586
vn -0.0000 0.8915 0.4531
vn -0.0001 0.9397 0.3419
vt 0.086005 0.963612
vt 0.096003 0.995224
vt 0.086005 0.995224
vt 0.195769 0.887362
vt 0.185771 0.852900
vt 0.195769 0.852900
vt 0.704374 0.882075
vt 0.714372 0.916537
vt 0.704374 0.916537
vt 0.969400 0.036154
vt 0.979398 0.067766
vt 0.969400 0.067766
vt 0.671654 0.894745
vt 0.681652 0.929207
vt 0.671654 0.929207
vt 0.555147 0.888036
vt 0.545149 0.853574
vt 0.555147 0.853574
vt 0.099030 0.963612
vt 0.109028 0.995224
vt 0.099030 0.995224
vt 0.809387 0.917378
vt 0.819385 0.951840
vt 0.809387 0.951840
vt 0.190207 0.890389
vt 0.200205 0.924851
vt 0.190207 0.924851
vt 0.969400 0.070793
vt 0.979398 0.102406
vt 0.969400 0.102406
vt 0.420368 0.927218
vt 0.410371 0.892756
vt 0.420368 0.892756
vt 0.213230 0.924851
vt 0.203232 0.890389
vt 0.213230 0.890389
vt 0.981518 0.314256
vt 0.991516 0.345869
vt 0.981518 0.345869
vt 0.717399 0.882075
vt 0.727397 0.916537
vt 0.717399 0.916537
vt 0.844027 0.767421
vt 0.854024 0.801883
vt 0.844027 0.801883
vt 0.972135 0.387135
vt 0.982132 0.418748
vt 0.972135 0.418748
vt 0.568172 0.888036
vt 0.558174 0.853574
vt 0.568172 0.853574
vt 0.327064 0.782672
vt 0.337062 0.817134
vt 0.327064 0.817134
vt 0.982425 0.001514
vt 0.992423 0.033126
vt 0.982425 0.033126
vt 0.216257 0.890389
vt 0.226255 0.924851
vt 0.216257 0.924851
vt 0.770311 0.882075
vt 0.780309 0.916537
vt 0.770311 0.916537
vt 0.995158 0.765147
vt 0.985160 0.733534
vt 0.995158 0.733534
vt 0.239280 0.924851
vt 0.229282 0.890389
vt 0.239280 0.890389
vt 0.446419 0.889728
vt 0.436421 0.855266
vt 0.446419 0.855266
vt 0.972135 0.733534
vt 0.982132 0.765147
vt 0.972135 0.765147
vt 0.501689 0.856865
vt 0.511687 0.891327
vt 0.501689 0.891327
vt 0.858145 0.691349
vt 0.868143 0.725811
vt 0.858145 0.725811
vt 0.982132 0.972986
vt 0.972134 0.941373
vt 0.982132 0.941373
vt 0.844027 0.729931
vt 0.854024 0.764393
vt 0.844027 0.764393
vt 0.642576 0.779249
vt 0.632578 0.743694
vt 0.642576 0.743694
vt 0.972135 0.768174
vt 0.982132 0.799787
vt 0.972135 0.799787
vt 0.783336 0.882075
vt 0.793334 0.916537
vt 0.783336 0.916537
vt 0.340649 0.744090
vt 0.350647 0.779645
vt 0.340649 0.779645
vt 0.819385 0.986480
vt 0.809387 0.954868
vt 0.819385 0.954868
vt 0.524712 0.891327
vt 0.514714 0.856865
vt 0.524712 0.856865
vt 0.290817 0.737405
vt 0.280819 0.701849
vt 0.290817 0.701849
vt 0.972135 0.802814
vt 0.982132 0.834427
vt 0.972135 0.834427
vt 0.844027 0.842399
vt 0.854024 0.876861
vt 0.844027 0.876861
vt 0.699938 0.768514
vt 0.709936 0.804069
vt 0.699938 0.804069
vt 0.832410 0.986480
vt 0.822412 0.954868
vt 0.832410 0.954868
vt 0.655601 0.779249
vt 0.645604 0.743694
vt 0.655601 0.743694
vt 0.537737 0.891327
vt 0.527740 0.856865
vt 0.537737 0.856865
vt 0.972135 0.837454
vt 0.982132 0.869066
vt 0.972135 0.869066
vt 0.353674 0.744090
vt 0.363672 0.779645
vt 0.353674 0.779645
vt 0.208794 0.887362
vt 0.198796 0.852900
vt 0.208794 0.852900
vt 0.845435 0.986480
vt 0.835437 0.954868
vt 0.845435 0.954868
vt 0.303842 0.737405
vt 0.293845 0.701849
vt 0.303842 0.701849
vt 0.457529 0.894952
vt 0.467527 0.929415
vt 0.457529 0.929415
vt 0.972135 0.872094
vt 0.982132 0.903706
vt 0.972135 0.903706
vt 0.712963 0.768514
vt 0.722961 0.804069
vt 0.712963 0.804069
vt 0.822412 0.917378
vt 0.832410 0.951840
vt 0.822412 0.951840
vt 0.858460 0.986480
vt 0.848462 0.954868
vt 0.858460 0.954868
vt 0.629551 0.891717
vt 0.619553 0.857255
vt 0.629551 0.857255
vt 0.433394 0.927218
vt 0.423396 0.892756
vt 0.433394 0.892756
vt 0.972135 0.906734
vt 0.982132 0.938346
vt 0.972135 0.938346
vt 0.221819 0.887362
vt 0.211821 0.852900
vt 0.221819 0.852900
vt 0.796362 0.882075
vt 0.806359 0.916537
vt 0.796362 0.916537
vt 0.871485 0.986480
vt 0.861488 0.954868
vt 0.871485 0.954868
vt 0.470554 0.894952
vt 0.480552 0.929415
vt 0.470554 0.929415
vt 0.048338 0.888455
vt 0.038340 0.853993
vt 0.048338 0.853993
vt 0.112056 0.963612
vt 0.122053 0.995225
vt 0.112056 0.995225
vt 0.835437 0.917378
vt 0.845435 0.951840
vt 0.835437 0.951840
vt 0.242307 0.890389
vt 0.252305 0.924851
vt 0.242307 0.924851
vt 0.125081 0.963612
vt 0.135079 0.995225
vt 0.125081 0.995225
vt 0.446419 0.927218
vt 0.436421 0.892756
vt 0.446419 0.892756
vt 0.265330 0.924851
vt 0.255333 0.890389
vt 0.265330 0.890389
vt 0.985160 0.352495
vt 0.995158 0.384108
vt 0.985160 0.384108
vt 0.581399 0.890064
vt 0.591397 0.924526
vt 0.581399 0.924526
vt 0.632578 0.857255
vt 0.642576 0.891717
vt 0.632578 0.891717
vt 0.995158 0.799787
vt 0.985160 0.768174
vt 0.995158 0.768174
vt 0.061363 0.888455
vt 0.051365 0.853993
vt 0.061363 0.853993
vt 0.844027 0.804910
vt 0.854024 0.839372
vt 0.844027 0.839372
vt 0.138106 0.963612
vt 0.148104 0.995225
vt 0.138106 0.995225
vt 0.982425 0.036154
vt 0.992423 0.067766
vt 0.982425 0.067766
vt 0.268358 0.890389
vt 0.278356 0.924851
vt 0.268358 0.924851
vt 0.594424 0.890064
vt 0.604422 0.924526
vt 0.594424 0.924526
vt 0.995158 0.834427
vt 0.985160 0.802814
vt 0.995158 0.802814
vt 0.151131 0.963612
vt 0.161129 0.995224
vt 0.151131 0.995224
vt 0.291381 0.924851
vt 0.281383 0.890389
vt 0.291381 0.890389
vt 0.655601 0.891717
vt 0.645604 0.857255
vt 0.655601 0.857255
vt 0.164156 0.963612
vt 0.174154 0.995225
vt 0.164156 0.995225
vt 0.614105 0.739014
vt 0.581399 0.773476
vt 0.581399 0.739014
vt 0.104592 0.701849
vt 0.072980 0.737404
vt 0.072980 0.701849
vt 0.767284 0.729931
vt 0.734578 0.764393
vt 0.734578 0.729931
vt 0.139232 0.701849
vt 0.107620 0.737405
vt 0.107620 0.701849
vt 0.173872 0.701849
vt 0.142260 0.737405
vt 0.142260 0.701849
vt 0.208512 0.701849
vt 0.176900 0.737405
vt 0.176900 0.701849
vt 0.243152 0.701849
vt 0.211540 0.737405
vt 0.211540 0.701849
vt 0.277792 0.701849
vt 0.246179 0.737405
vt 0.246179 0.701849
vt 0.576761 0.702523
vt 0.545149 0.738078
vt 0.545149 0.702523
vt 0.415933 0.704216
vt 0.384320 0.739771
vt 0.384320 0.704216
vt 0.415933 0.780288
vt 0.384320 0.814750
vt 0.384320 0.780288
vt 0.284351 0.740432
vt 0.251646 0.774894
vt 0.251646 0.740432
vt 0.144446 0.774894
vt 0.177152 0.740432
vt 0.177152 0.774894
vt 0.287379 0.774894
vt 0.320085 0.740432
vt 0.320085 0.774894
vt 0.141419 0.740432
vt 0.108713 0.774894
vt 0.108713 0.740432
vt 0.577855 0.741106
vt 0.545149 0.775568
vt 0.545149 0.741106
vt 0.034219 0.740432
vt 0.001514 0.774894
vt 0.001514 0.740432
vt 0.732644 0.691349
vt 0.699938 0.726904
vt 0.699938 0.691349
vt 0.614105 0.700431
vt 0.581399 0.735986
vt 0.581399 0.700431
vt 0.372262 0.782672
vt 0.340649 0.817134
vt 0.340649 0.782672
vt 0.069953 0.816504
vt 0.038340 0.850966
vt 0.038340 0.816504
vt 0.766191 0.806003
vt 0.734578 0.840465
vt 0.734578 0.806003
vt 0.840999 0.729931
vt 0.809387 0.764393
vt 0.809387 0.729931
vt 0.033126 0.852900
vt 0.001514 0.887362
vt 0.001514 0.852900
vt 0.033126 0.777921
vt 0.001514 0.812383
vt 0.001514 0.777921
vt 0.104592 0.777921
vt 0.072980 0.812383
vt 0.072980 0.777921
vt 0.533302 0.704721
vt 0.501689 0.740277
vt 0.501689 0.704721
vt 0.840999 0.767421
vt 0.809387 0.801883
vt 0.809387 0.767421
vt 0.415933 0.817777
vt 0.384320 0.852239
vt 0.384320 0.817777
vt 0.840999 0.804910
vt 0.809387 0.839372
vt 0.809387 0.804910
vt 0.722961 0.807096
vt 0.691349 0.841558
vt 0.691349 0.807096
vt 0.104592 0.852900
vt 0.072980 0.887362
vt 0.072980 0.852900
vt 0.139232 0.777921
vt 0.107620 0.812383
vt 0.107620 0.777921
vt 0.173872 0.777921
vt 0.142260 0.812383
vt 0.142260 0.777921
vt 0.685806 0.705111
vt 0.654193 0.740666
vt 0.654193 0.705111
vt 0.801924 0.807096
vt 0.770311 0.841558
vt 0.770311 0.807096
vt 0.450573 0.817777
vt 0.418960 0.852239
vt 0.418960 0.817777
vt 0.842092 0.691349
vt 0.810480 0.725811
vt 0.810480 0.691349
vt 0.613012 0.815086
vt 0.581399 0.849548
vt 0.581399 0.815086
vt 0.685806 0.782276
vt 0.654193 0.816738
vt 0.654193 0.782276
vt 0.208512 0.777921
vt 0.176900 0.812383
vt 0.176900 0.777921
vt 0.243152 0.777921
vt 0.211540 0.812383
vt 0.211540 0.777921
vt 0.651166 0.705111
vt 0.619553 0.740666
vt 0.619553 0.705111
vt 0.033126 0.815411
vt 0.001514 0.849873
vt 0.001514 0.815411
vt 0.533302 0.819376
vt 0.501689 0.853838
vt 0.501689 0.819376
vt 0.104592 0.815411
vt 0.072980 0.849873
vt 0.072980 0.815411
vt 0.139232 0.815411
vt 0.107620 0.849873
vt 0.107620 0.815411
vt 0.722961 0.844586
vt 0.691349 0.879048
vt 0.691349 0.844586
vt 0.450573 0.780288
vt 0.418960 0.814750
vt 0.418960 0.780288
vt 0.277792 0.777921
vt 0.246179 0.812383
vt 0.246179 0.777921
vt 0.489142 0.705319
vt 0.457529 0.740874
vt 0.457529 0.705319
vt 0.173872 0.815411
vt 0.142260 0.849873
vt 0.142260 0.815411
vt 0.208512 0.815411
vt 0.176900 0.849873
vt 0.176900 0.815411
vt 0.651166 0.819766
vt 0.619553 0.854228
vt 0.619553 0.819766
vt 0.685806 0.819766
vt 0.654193 0.854228
vt 0.654193 0.819766
vt 0.489142 0.782484
vt 0.457529 0.816946
vt 0.457529 0.782484
vt 0.312432 0.777921
vt 0.280819 0.812383
vt 0.280819 0.777921
vt 0.533302 0.781887
vt 0.501689 0.816349
vt 0.501689 0.781887
vt 0.372262 0.705507
vt 0.340649 0.741062
vt 0.340649 0.705507
vt 0.243152 0.815411
vt 0.211540 0.849873
vt 0.211540 0.815411
vt 0.277792 0.815411
vt 0.246179 0.849873
vt 0.246179 0.815411
vt 0.489142 0.819974
vt 0.457529 0.854436
vt 0.457529 0.819974
vt 0.372262 0.820162
vt 0.340649 0.854624
vt 0.340649 0.820162
vt 0.801924 0.844586
vt 0.770311 0.879048
vt 0.770311 0.844586
vt 0.576761 0.778595
vt 0.545149 0.813057
vt 0.545149 0.778595
vt 0.651166 0.782276
vt 0.619553 0.816738
vt 0.619553 0.782276
vt 0.731551 0.729931
vt 0.699938 0.765486
vt 0.699938 0.729931
vt 0.312432 0.815411
vt 0.280819 0.849873
vt 0.280819 0.815411
vt 0.576761 0.816084
vt 0.545149 0.850546
vt 0.545149 0.816084
vt 0.840999 0.842399
vt 0.809387 0.876861
vt 0.809387 0.842399
vt 0.766191 0.843493
vt 0.734578 0.877955
vt 0.734578 0.843493
vt 0.613012 0.852575
vt 0.581399 0.887037
vt 0.581399 0.852575
vt 0.069953 0.779015
vt 0.038340 0.813477
vt 0.038340 0.779015
vt 0.034219 0.701849
vt 0.001514 0.737404
vt 0.001514 0.701849
vt 0.768377 0.691349
vt 0.735671 0.725811
vt 0.735671 0.691349
vt 0.180179 0.774894
vt 0.212885 0.740432
vt 0.212885 0.774894
vt 0.105686 0.740432
vt 0.072980 0.774894
vt 0.072980 0.740432
vt 0.248618 0.740432
vt 0.215912 0.774894
vt 0.215913 0.740432
vt 0.417026 0.742798
vt 0.384320 0.777260
vt 0.384320 0.742798
vt 0.452759 0.742798
vt 0.420053 0.777260
vt 0.420053 0.742798
vt 0.069953 0.701849
vt 0.037247 0.737405
vt 0.037247 0.701849
vt 0.511687 0.928817
vt 0.501689 0.894355
vt 0.511687 0.894355
vt 0.668627 0.891717
vt 0.658629 0.857255
vt 0.668627 0.857255
vt 0.969400 0.105433
vt 0.979398 0.137046
vt 0.969400 0.137046
vt 0.848462 0.917378
vt 0.858460 0.951840
vt 0.848462 0.951840
vt 0.770311 0.768514
vt 0.780309 0.804069
vt 0.770311 0.804069
vt 0.985160 0.387135
vt 0.995158 0.418748
vt 0.985160 0.418748
vt 0.483580 0.894952
vt 0.493577 0.929415
vt 0.483580 0.929415
vt 0.337062 0.741062
vt 0.327064 0.705506
vt 0.337062 0.705506
vt 0.969400 0.140073
vt 0.979398 0.171686
vt 0.969400 0.171686
vt 0.234844 0.887362
vt 0.224847 0.852900
vt 0.234844 0.852900
vt 0.366700 0.744090
vt 0.376697 0.779645
vt 0.366700 0.779645
vt 0.177181 0.963612
vt 0.187179 0.995224
vt 0.177181 0.995224
vt 0.681652 0.891717
vt 0.671654 0.857255
vt 0.681652 0.857255
vt 0.668627 0.779249
vt 0.658629 0.743694
vt 0.668627 0.743694
vt 0.969400 0.174713
vt 0.979398 0.206326
vt 0.969400 0.206326
vt 0.317431 0.960585
vt 0.307433 0.927879
vt 0.317431 0.927879
vt 0.857052 0.842399
vt 0.867050 0.876861
vt 0.857052 0.876861
vt 0.190207 0.963612
vt 0.200205 0.995224
vt 0.190207 0.995224
vt 0.190207 0.927879
vt 0.200205 0.960585
vt 0.190207 0.960585
vt 0.467527 0.891925
vt 0.457529 0.857463
vt 0.467527 0.857463
vt 0.969400 0.209353
vt 0.979398 0.240966
vt 0.969400 0.240966
vt 0.555147 0.961258
vt 0.545149 0.928553
vt 0.555147 0.928553
vt 0.001514 0.890389
vt 0.011512 0.924851
vt 0.001514 0.924851
vt 0.203232 0.963612
vt 0.213230 0.995224
vt 0.203232 0.995224
vt 0.203232 0.927879
vt 0.213230 0.960585
vt 0.203232 0.960585
vt 0.327064 0.820161
vt 0.337062 0.854623
vt 0.327064 0.854623
vt 0.969400 0.243993
vt 0.979398 0.275606
vt 0.969400 0.275606
vt 0.568172 0.961258
vt 0.558174 0.928553
vt 0.568172 0.928553
vt 0.470554 0.857463
vt 0.480552 0.891925
vt 0.470554 0.891925
vt 0.985160 0.421775
vt 0.995158 0.453387
vt 0.985160 0.453387
vt 0.216257 0.927879
vt 0.226255 0.960585
vt 0.216257 0.960585
vt 0.304406 0.924851
vt 0.294408 0.890389
vt 0.304406 0.890389
vt 0.969400 0.278633
vt 0.979398 0.310245
vt 0.969400 0.310245
vt 0.048338 0.961678
vt 0.038340 0.928972
vt 0.048338 0.928972
vt 0.307433 0.890389
vt 0.317431 0.924851
vt 0.307433 0.924851
vt 0.216257 0.963612
vt 0.226255 0.995224
vt 0.216257 0.995224
vt 0.229282 0.927879
vt 0.239280 0.960585
vt 0.229282 0.960585
vt 0.394318 0.889728
vt 0.384320 0.855266
vt 0.394318 0.855266
vt 0.446419 0.961858
vt 0.436421 0.930245
vt 0.446419 0.930245
vt 0.061363 0.961678
vt 0.051365 0.928972
vt 0.061363 0.928972
vt 0.014539 0.890389
vt 0.024537 0.924851
vt 0.014539 0.924851
vt 0.982425 0.070793
vt 0.992423 0.102406
vt 0.982425 0.102406
vt 0.242307 0.927879
vt 0.252305 0.960585
vt 0.242307 0.960585
vt 0.524712 0.928817
vt 0.514714 0.894355
vt 0.524712 0.894355
vt 0.511687 0.963457
vt 0.501689 0.931844
vt 0.511687 0.931844
vt 0.394318 0.962951
vt 0.384320 0.930245
vt 0.394318 0.930245
vt 0.861488 0.917378
vt 0.871485 0.951840
vt 0.861488 0.951840
vt 0.982425 0.105433
vt 0.992423 0.137046
vt 0.982425 0.137046
vt 0.255333 0.927879
vt 0.265330 0.960585
vt 0.255333 0.960585
vt 0.327064 0.895140
vt 0.337062 0.929602
vt 0.327064 0.929602
vt 0.524712 0.963457
vt 0.514714 0.931844
vt 0.524712 0.931844
vt 0.407343 0.962951
vt 0.397345 0.930245
vt 0.407343 0.930245
vt 0.247870 0.887362
vt 0.237872 0.852900
vt 0.247870 0.852900
vt 0.982425 0.140073
vt 0.992423 0.171686
vt 0.982425 0.171686
vt 0.268358 0.927879
vt 0.278356 0.960585
vt 0.268358 0.960585
vt 0.493577 0.891925
vt 0.483580 0.857463
vt 0.493577 0.857463
vt 0.537737 0.963457
vt 0.527740 0.931844
vt 0.537737 0.931844
vt 0.420368 0.962951
vt 0.410371 0.930245
vt 0.420368 0.930245
vt 0.783336 0.768514
vt 0.793334 0.804069
vt 0.783336 0.804069
vt 0.982425 0.174713
vt 0.992423 0.206326
vt 0.982425 0.206326
vt 0.281383 0.927879
vt 0.291381 0.960585
vt 0.281383 0.960585
vt 0.069953 0.775987
vt 0.059955 0.740432
vt 0.069953 0.740432
vt 0.629551 0.963847
vt 0.619553 0.932234
vt 0.629551 0.932234
vt 0.467527 0.964054
vt 0.457529 0.932442
vt 0.467527 0.932442
vt 0.770311 0.729931
vt 0.780309 0.765486
vt 0.770311 0.765486
vt 0.982425 0.209353
vt 0.992423 0.240966
vt 0.982425 0.240966
vt 0.229282 0.963612
vt 0.239280 0.995224
vt 0.229282 0.995224
vt 0.681652 0.779249
vt 0.671654 0.743694
vt 0.681652 0.743694
vt 0.642576 0.963847
vt 0.632578 0.932234
vt 0.642576 0.932234
vt 0.480552 0.964054
vt 0.470554 0.932442
vt 0.480552 0.932442
vt 0.107620 0.852900
vt 0.117618 0.887362
vt 0.107620 0.887362
vt 0.982425 0.243993
vt 0.992423 0.275605
vt 0.982425 0.275605
vt 0.985160 0.456415
vt 0.995158 0.488027
vt 0.985160 0.488027
vt 0.337062 0.892112
vt 0.327064 0.857650
vt 0.337062 0.857650
vt 0.655601 0.963847
vt 0.645604 0.932234
vt 0.655601 0.932234
vt 0.493577 0.964054
vt 0.483580 0.932442
vt 0.493577 0.932442
vt 0.072980 0.890389
vt 0.082978 0.924851
vt 0.072980 0.924851
vt 0.982425 0.278633
vt 0.992423 0.310245
vt 0.982425 0.310245
vt 0.242307 0.963612
vt 0.252305 0.995224
vt 0.242307 0.995224
vt 0.845120 0.691349
vt 0.855118 0.725811
vt 0.845120 0.725811
vt 0.668627 0.963847
vt 0.658629 0.932234
vt 0.668627 0.932234
vt 0.337062 0.964242
vt 0.327064 0.932629
vt 0.337062 0.932629
vt 0.340649 0.857651
vt 0.350647 0.892113
vt 0.340649 0.892113
vt 0.581399 0.963287
vt 0.591397 0.994900
vt 0.581399 0.994900
vt 0.255333 0.963612
vt 0.265330 0.995224
vt 0.255333 0.995224
vt 0.555147 0.925525
vt 0.545149 0.891063
vt 0.555147 0.891063
vt 0.431972 0.705469
vt 0.441970 0.738175
vt 0.431972 0.738175
vt 0.350647 0.964242
vt 0.340649 0.932630
vt 0.350647 0.932630
vt 0.558174 0.891063
vt 0.568172 0.925525
vt 0.558174 0.925525
vt 0.717399 0.919565
vt 0.727397 0.952270
vt 0.717399 0.952270
vt 0.268358 0.963612
vt 0.278356 0.995224
vt 0.268358 0.995224
vt 0.407343 0.889728
vt 0.397345 0.855266
vt 0.407343 0.855266
vt 0.770311 0.919565
vt 0.780309 0.952270
vt 0.770311 0.952270
vt 0.363672 0.964242
vt 0.353674 0.932630
vt 0.363672 0.932630
vt 0.086005 0.890389
vt 0.096003 0.924851
vt 0.086005 0.924851
vt 0.783336 0.919565
vt 0.793334 0.952270
vt 0.783336 0.952270
vt 0.985160 0.491055
vt 0.995158 0.522667
vt 0.985160 0.522667
vt 0.537737 0.928817
vt 0.527740 0.894355
vt 0.537737 0.894355
vt 0.796362 0.919565
vt 0.806359 0.952270
vt 0.796362 0.952270
vt 0.376698 0.964242
vt 0.366700 0.932630
vt 0.376698 0.932630
vt 0.942442 0.314256
vt 0.952440 0.348718
vt 0.942442 0.348718
vt 0.581399 0.927554
vt 0.591397 0.960260
vt 0.581399 0.960260
vt 0.281383 0.963612
vt 0.291381 0.995224
vt 0.281383 0.995224
vt 0.340649 0.895140
vt 0.350647 0.929602
vt 0.340649 0.929602
vt 0.594424 0.927554
vt 0.604422 0.960260
vt 0.594424 0.960260
vt 0.965465 0.345869
vt 0.955468 0.314256
vt 0.965465 0.314256
vt 0.260895 0.887362
vt 0.250897 0.852900
vt 0.260895 0.852900
vt 0.001514 0.927879
vt 0.011512 0.960585
vt 0.001514 0.960585
vt 0.294408 0.963612
vt 0.304406 0.995224
vt 0.294408 0.995224
vt 0.363672 0.892113
vt 0.353674 0.857651
vt 0.363672 0.857651
vt 0.014539 0.927879
vt 0.024537 0.960585
vt 0.014539 0.960585
vt 0.972134 0.421775
vt 0.982132 0.453387
vt 0.972134 0.453387
vt 0.796362 0.729931
vt 0.806359 0.765486
vt 0.796362 0.765486
vt 0.072980 0.927879
vt 0.082978 0.960585
vt 0.072980 0.960585
vt 0.985160 0.837454
vt 0.995158 0.869066
vt 0.985160 0.869066
vt 0.056927 0.775987
vt 0.046930 0.740432
vt 0.056927 0.740432
vt 0.086005 0.927879
vt 0.096003 0.960585
vt 0.086005 0.960585
vt 0.972134 0.456415
vt 0.982132 0.488027
vt 0.972134 0.488027
vt 0.771404 0.691348
vt 0.781402 0.726904
vt 0.771404 0.726904
vt 0.099030 0.927879
vt 0.109028 0.960585
vt 0.099030 0.960585
vt 0.985160 0.872094
vt 0.995158 0.903706
vt 0.985160 0.903706
vt 0.694677 0.779249
vt 0.684679 0.743694
vt 0.694677 0.743694
vt 0.112056 0.927879
vt 0.122053 0.960585
vt 0.112056 0.960585
vt 0.972134 0.491055
vt 0.982132 0.522667
vt 0.972134 0.522667
vt 0.120645 0.852900
vt 0.130643 0.887362
vt 0.120645 0.887362
vt 0.125081 0.927879
vt 0.135079 0.960585
vt 0.125081 0.960585
vt 0.985160 0.906734
vt 0.995158 0.938346
vt 0.985160 0.938346
vt 0.376697 0.892113
vt 0.366700 0.857651
vt 0.376697 0.857651
vt 0.138106 0.927879
vt 0.148104 0.960585
vt 0.138106 0.960585
vt 0.972134 0.525695
vt 0.982132 0.557307
vt 0.972134 0.557307
vt 0.099030 0.890389
vt 0.109028 0.924851
vt 0.099030 0.924851
vt 0.151131 0.927879
vt 0.161129 0.960585
vt 0.151131 0.960585
vt 0.985160 0.941373
vt 0.995158 0.972986
vt 0.985160 0.972986
vt 0.857052 0.729931
vt 0.867050 0.764393
vt 0.857052 0.764393
vt 0.511687 0.778859
vt 0.501689 0.743304
vt 0.511687 0.743304
vt 0.972134 0.560335
vt 0.982132 0.591947
vt 0.972134 0.591947
vt 0.890341 0.314256
vt 0.900339 0.348718
vt 0.890341 0.348718
vt 0.164156 0.927879
vt 0.174154 0.960585
vt 0.164156 0.960585
vt 0.545149 0.964286
vt 0.555147 0.995898
vt 0.545149 0.995898
vt 0.048338 0.925945
vt 0.038340 0.891483
vt 0.048338 0.891483
vt 0.913364 0.348718
vt 0.903367 0.314256
vt 0.913364 0.314256
vt 0.972134 0.594974
vt 0.982132 0.626587
vt 0.972134 0.626587
vt 0.051365 0.891483
vt 0.061363 0.925945
vt 0.051365 0.925945
vt 0.939415 0.348718
vt 0.929417 0.314256
vt 0.939415 0.314256
vt 0.558174 0.964286
vt 0.568172 0.995898
vt 0.558174 0.995898
vt 0.420368 0.889728
vt 0.410371 0.855266
vt 0.420368 0.855266
vt 0.655601 0.929206
vt 0.645604 0.894744
vt 0.655601 0.894744
vt 0.972134 0.629614
vt 0.982132 0.661227
vt 0.972134 0.661227
vt 0.112056 0.890389
vt 0.122053 0.924851
vt 0.112056 0.924851
vt 0.312995 0.887362
vt 0.302998 0.852900
vt 0.312995 0.852900
vt 0.038340 0.964705
vt 0.048338 0.996318
vt 0.038340 0.996318
vt 0.629551 0.929206
vt 0.619553 0.894745
vt 0.629551 0.894744
vt 0.658629 0.894745
vt 0.668627 0.929207
vt 0.658629 0.929207
vt 0.972134 0.664254
vt 0.982132 0.695867
vt 0.972134 0.695867
vt 0.734578 0.918471
vt 0.744576 0.952933
vt 0.734578 0.952933
vt 0.714372 0.954027
vt 0.704374 0.919565
vt 0.714372 0.919565
vt 0.051365 0.964705
vt 0.061363 0.996318
vt 0.051365 0.996318
vt 0.353674 0.895140
vt 0.363672 0.929602
vt 0.353674 0.929602
vt 0.819385 0.914351
vt 0.809387 0.879889
vt 0.819385 0.879889
vt 0.727397 0.986910
vt 0.717399 0.955298
vt 0.727397 0.955298
vt 0.273920 0.887362
vt 0.263922 0.852900
vt 0.273920 0.852900
vt 0.467527 0.779457
vt 0.457529 0.743902
vt 0.467527 0.743902
vt 0.527740 0.966484
vt 0.537737 0.998097
vt 0.527740 0.998097
vt 0.832410 0.914351
vt 0.822412 0.879889
vt 0.832410 0.879889
vt 0.177182 0.927879
vt 0.187179 0.960585
vt 0.177182 0.960585
vt 0.780309 0.986910
vt 0.770311 0.955298
vt 0.780309 0.955298
vt 0.796362 0.768514
vt 0.806359 0.804069
vt 0.796362 0.804069
vt 0.681652 0.963847
vt 0.671654 0.932234
vt 0.681652 0.932234
vt 0.619553 0.966874
vt 0.629551 0.998486
vt 0.619553 0.998486
vt 0.524712 0.778859
vt 0.514714 0.743304
vt 0.524712 0.743304
vt 0.972134 0.352495
vt 0.982132 0.384108
vt 0.972134 0.384108
vt 0.793334 0.986910
vt 0.783336 0.955298
vt 0.793334 0.955298
vt 0.783336 0.729931
vt 0.793334 0.765486
vt 0.783336 0.765486
vt 0.806359 0.986910
vt 0.796362 0.955298
vt 0.806359 0.955298
vt 0.632578 0.966874
vt 0.642576 0.998486
vt 0.632578 0.998486
vt 0.480552 0.779457
vt 0.470554 0.743902
vt 0.480552 0.743902
vt 0.446419 0.996498
vt 0.436421 0.964885
vt 0.446419 0.964885
vt 0.744576 0.987573
vt 0.734578 0.955961
vt 0.744576 0.955961
vt 0.133670 0.852900
vt 0.143668 0.887362
vt 0.133670 0.887362
vt 0.757601 0.987573
vt 0.747603 0.955961
vt 0.757601 0.955961
vt 0.645604 0.966874
vt 0.655601 0.998486
vt 0.645604 0.998486
vt 0.845435 0.914351
vt 0.835437 0.879889
vt 0.845435 0.879889
vt 0.972134 0.698894
vt 0.982132 0.730507
vt 0.972134 0.730507
vt 0.701346 0.988666
vt 0.691349 0.957054
vt 0.701346 0.957054
vt 0.125081 0.890389
vt 0.135079 0.924851
vt 0.125081 0.924851
vt 0.978491 0.345869
vt 0.968493 0.314256
vt 0.978491 0.314256
vt 0.658629 0.966874
vt 0.668627 0.998486
vt 0.658629 0.998486
vt 0.857052 0.767421
vt 0.867050 0.801883
vt 0.857052 0.801883
vt 0.433394 0.962951
vt 0.423396 0.930245
vt 0.433394 0.930245
vt 0.714372 0.988666
vt 0.704374 0.957054
vt 0.714372 0.957054
vt 0.848462 0.879889
vt 0.858460 0.914351
vt 0.848462 0.914351
vt 0.784430 0.691348
vt 0.794427 0.726904
vt 0.784430 0.726904
vt 0.671654 0.966874
vt 0.681652 0.998486
vt 0.671654 0.998486
vt 0.926390 0.348718
vt 0.916392 0.314256
vt 0.926390 0.314256
vt 0.146695 0.852900
vt 0.156693 0.887362
vt 0.146695 0.887362
vt 0.307433 0.963612
vt 0.317431 0.995225
vt 0.307433 0.995225
vt 0.384320 0.892756
vt 0.394318 0.927218
vt 0.384320 0.927218
vt 0.138106 0.890389
vt 0.148104 0.924851
vt 0.138106 0.924851
vt 0.594424 0.963287
vt 0.604422 0.994900
vt 0.594424 0.994900
vt 0.433394 0.889728
vt 0.423396 0.855266
vt 0.433394 0.855266
vt 0.861488 0.879889
vt 0.871485 0.914351
vt 0.861488 0.914351
vt 0.979398 0.033126
vt 0.969400 0.001514
vt 0.979398 0.001514
vt 0.151131 0.890389
vt 0.161129 0.924851
vt 0.151131 0.924851
vt 0.397345 0.892756
vt 0.407343 0.927218
vt 0.397345 0.927218
vt 0.001514 0.963612
vt 0.011512 0.995225
vt 0.001514 0.995225
vt 0.642576 0.929206
vt 0.632578 0.894745
vt 0.642576 0.894744
vt 0.164156 0.890389
vt 0.174154 0.924851
vt 0.164156 0.924851
vt 0.394318 0.997591
vt 0.384320 0.965978
vt 0.394318 0.965978
vt 0.747603 0.918471
vt 0.757601 0.952933
vt 0.747603 0.952933
vt 0.797455 0.691349
vt 0.807453 0.726904
vt 0.797455 0.726904
vt 0.691349 0.919565
vt 0.701346 0.954027
vt 0.691349 0.954027
vt 0.985160 0.525695
vt 0.995158 0.557307
vt 0.985160 0.557307
vt 0.366700 0.895140
vt 0.376698 0.929602
vt 0.366700 0.929602
vt 0.537737 0.778859
vt 0.527740 0.743304
vt 0.537737 0.743304
vt 0.286945 0.887362
vt 0.276947 0.852900
vt 0.286945 0.852900
vt 0.407343 0.997591
vt 0.397345 0.965978
vt 0.407343 0.965978
vt 0.299970 0.887362
vt 0.289972 0.852900
vt 0.299970 0.852900
vt 0.734578 0.767421
vt 0.744576 0.802976
vt 0.734578 0.802976
vt 0.581399 0.776503
vt 0.591397 0.812058
vt 0.581399 0.812058
vt 0.985160 0.560335
vt 0.995158 0.591947
vt 0.985160 0.591947
vt 0.744576 0.915444
vt 0.734578 0.880982
vt 0.744576 0.880982
vt 0.493577 0.779457
vt 0.483580 0.743902
vt 0.493577 0.743902
vt 0.294408 0.927879
vt 0.304406 0.960585
vt 0.294408 0.960585
vt 0.420368 0.997591
vt 0.410371 0.965978
vt 0.420368 0.965978
vt 0.594424 0.776503
vt 0.604422 0.812058
vt 0.594424 0.812058
vt 0.159721 0.852900
vt 0.169718 0.887362
vt 0.159721 0.887362
vt 0.985160 0.594975
vt 0.995158 0.626587
vt 0.985160 0.626587
vt 0.985160 0.629614
vt 0.995158 0.661227
vt 0.985160 0.661227
vt 0.629551 0.779249
vt 0.619553 0.743694
vt 0.629551 0.743694
vt 0.757601 0.915444
vt 0.747603 0.880982
vt 0.757601 0.880982
vt 0.423396 0.965978
vt 0.433394 0.997591
vt 0.423396 0.997591
vt 0.511687 0.998097
vt 0.501689 0.966484
vt 0.511687 0.966484
vt 0.747603 0.767421
vt 0.757601 0.802976
vt 0.747603 0.802976
vt 0.177182 0.890389
vt 0.187179 0.924851
vt 0.177182 0.924851
vt 0.014539 0.963612
vt 0.024537 0.995225
vt 0.014539 0.995225
vt 0.985160 0.664254
vt 0.995158 0.695867
vt 0.985160 0.695867
vt 0.337062 0.779644
vt 0.327064 0.744089
vt 0.337062 0.744089
vt 0.857052 0.804910
vt 0.867050 0.839372
vt 0.857052 0.839372
vt 0.985160 0.698894
vt 0.995158 0.730507
vt 0.985160 0.730507
vt 0.524712 0.998097
vt 0.514714 0.966484
vt 0.524712 0.966484
vt 0.172746 0.852900
vt 0.182744 0.887362
vt 0.172746 0.887362
vt 0.691349 0.882075
vt 0.701346 0.916537
vt 0.691349 0.916537
vt 0.072980 0.963612
vt 0.082978 0.995225
vt 0.072980 0.995225
vt 0.704963 0.039255
vt 0.704963 0.037069
vt 0.742084 0.041446
vt 0.001514 0.001514
vt 0.337622 0.365958
vt 0.001514 0.365958
vt 0.705487 0.352495
vt 0.742609 0.642399
vt 0.705488 0.682331
vt 0.463357 0.440133
vt 0.463428 0.369034
vt 0.463428 0.442318
vt 0.036406 0.698822
vt 0.034219 0.698822
vt 0.034219 0.368985
vt 0.923517 0.389323
vt 0.963721 0.520397
vt 0.963721 0.522583
vt 0.923517 0.696541
vt 0.963720 0.827615
vt 0.963720 0.829802
vt 0.368124 0.365237
vt 0.340649 0.001514
vt 0.368326 0.001514
vt 0.613266 0.359074
vt 0.613796 0.616663
vt 0.613266 0.651116
vt 0.651166 0.390092
vt 0.650580 0.684323
vt 0.650580 0.354546
vt 0.609076 0.361960
vt 0.581399 0.697386
vt 0.581601 0.361278
vt 0.398828 0.365237
vt 0.371353 0.001514
vt 0.399030 0.001514
vt 0.501689 0.380437
vt 0.515233 0.701694
vt 0.501689 0.687124
vt 0.905010 0.311229
vt 0.890341 0.014950
vt 0.905010 0.001514
vt 0.478171 0.366150
vt 0.482334 0.701977
vt 0.478171 0.701977
vt 0.631424 0.360656
vt 0.634878 0.699875
vt 0.631424 0.696482
vt 0.670930 0.004907
vt 0.674384 0.350911
vt 0.670930 0.347518
vt 0.587140 0.004744
vt 0.590969 0.357373
vt 0.587140 0.354142
vt 0.545149 0.002999
vt 0.547424 0.360343
vt 0.545149 0.358858
vt 0.515011 0.361251
vt 0.512957 0.001514
vt 0.515011 0.002423
vt 0.491163 0.001982
vt 0.493399 0.363096
vt 0.491163 0.362628
vt 0.476854 0.363110
vt 0.473878 0.001514
vt 0.476854 0.001527
vt 0.479881 0.001514
vt 0.482495 0.362423
vt 0.479881 0.363123
vt 0.523119 0.361723
vt 0.525973 0.002830
vt 0.525973 0.360406
vt 0.561054 0.001514
vt 0.563429 0.357568
vt 0.561054 0.359090
vt 0.606587 0.001514
vt 0.608717 0.354308
vt 0.606587 0.356047
vt 0.637905 0.001514
vt 0.640294 0.350678
vt 0.637905 0.352569
vt 0.688210 0.352495
vt 0.691047 0.697656
vt 0.688210 0.699768
vt 0.677310 0.353941
vt 0.679837 0.695149
vt 0.677310 0.696990
vt 0.622779 0.357970
vt 0.625629 0.695566
vt 0.622779 0.697336
vt 0.485522 0.701977
vt 0.488044 0.367354
vt 0.488044 0.700773
vt 0.357230 0.702406
vt 0.359530 0.369815
vt 0.359530 0.701576
vt 0.402058 0.368985
vt 0.404387 0.699784
vt 0.402058 0.700747
vt 0.745112 0.001514
vt 0.782233 0.291418
vt 0.745112 0.331350
vt 0.536663 0.686007
vt 0.523119 0.364750
vt 0.536663 0.379320
vt 0.454502 0.702675
vt 0.450339 0.366849
vt 0.454502 0.366849
vt 0.646914 0.694816
vt 0.643460 0.355597
vt 0.646914 0.358990
vt 0.664449 0.004907
vt 0.667903 0.350911
vt 0.664449 0.347518
vt 0.597826 0.354142
vt 0.593997 0.001514
vt 0.597826 0.004744
vt 0.552726 0.358858
vt 0.550451 0.001514
vt 0.552726 0.002999
vt 0.520092 0.361251
vt 0.518038 0.001514
vt 0.520092 0.002423
vt 0.498662 0.362628
vt 0.496426 0.001514
vt 0.498662 0.001982
vt 0.470850 0.363110
vt 0.467875 0.001514
vt 0.470850 0.001527
vt 0.488136 0.363123
vt 0.485522 0.002214
vt 0.488136 0.001514
vt 0.531855 0.001514
vt 0.529001 0.360406
vt 0.529001 0.002830
vt 0.566457 0.001514
vt 0.568832 0.357568
vt 0.566457 0.359090
vt 0.611744 0.001514
vt 0.613874 0.354308
vt 0.611744 0.356047
vt 0.643321 0.001514
vt 0.645709 0.350678
vt 0.643321 0.352569
vt 0.694074 0.352495
vt 0.696911 0.697656
vt 0.694074 0.699768
vt 0.637905 0.355597
vt 0.640432 0.696804
vt 0.637905 0.698645
vt 0.619751 0.697336
vt 0.616901 0.359740
vt 0.619751 0.357970
vt 0.702460 0.352495
vt 0.699938 0.687118
vt 0.699938 0.353698
vt 0.364858 0.368986
vt 0.362558 0.701576
vt 0.362558 0.369815
vt 0.407415 0.368985
vt 0.409745 0.699784
vt 0.407415 0.700747
vt 0.902358 0.648773
vt 0.887689 0.352495
vt 0.902358 0.365932
vt 0.912200 0.311229
vt 0.908037 0.001514
vt 0.912200 0.001514
vt 0.878703 0.665339
vt 0.875008 0.352495
vt 0.878703 0.355624
vt 0.828448 0.320616
vt 0.824753 0.001514
vt 0.828448 0.004643
vt 0.792348 0.355474
vt 0.788320 0.680685
vt 0.788319 0.352495
vt 0.420532 0.698545
vt 0.418186 0.368985
vt 0.420532 0.370355
vt 0.376182 0.369824
vt 0.374099 0.701592
vt 0.374099 0.368986
vt 0.446931 0.700345
vt 0.444688 0.367307
vt 0.446931 0.367739
vt 0.330040 0.702467
vt 0.327064 0.368985
vt 0.330040 0.368998
vt 0.346304 0.368986
vt 0.348932 0.701834
vt 0.346304 0.702480
vt 0.393147 0.701188
vt 0.390247 0.370200
vt 0.393147 0.368986
vt 0.767294 0.352495
vt 0.769740 0.680866
vt 0.767294 0.682269
vt 0.797608 0.679463
vt 0.795375 0.354099
vt 0.797608 0.352495
vt 0.816598 0.325274
vt 0.814101 0.003258
vt 0.816598 0.001514
vt 0.868980 0.321786
vt 0.866028 0.003462
vt 0.868980 0.001514
vt 0.872007 0.317890
vt 0.874633 0.003212
vt 0.874633 0.316191
vt 0.884662 0.352495
vt 0.881730 0.663843
vt 0.881730 0.354127
vt 0.912575 0.352495
vt 0.915139 0.661101
vt 0.912575 0.662210
vt 0.920490 0.659991
vt 0.918167 0.353260
vt 0.920490 0.352495
vt 0.969107 0.967455
vt 0.966748 0.662376
vt 0.969107 0.661489
vt 0.915212 0.975687
vt 0.875008 0.708323
vt 0.915212 0.671496
vt 0.966373 0.268877
vt 0.926169 0.001514
vt 0.966373 0.038341
vt 0.969107 0.657574
vt 0.966748 0.352495
vt 0.969107 0.353383
vt 0.920819 0.002279
vt 0.923142 0.309010
vt 0.920819 0.308245
vt 0.917792 0.310119
vt 0.915227 0.001514
vt 0.917792 0.002623
vt 0.887314 0.312861
vt 0.884383 0.001514
vt 0.887314 0.003146
vt 0.871981 0.667173
vt 0.869355 0.352495
vt 0.871981 0.354193
vt 0.866328 0.354443
vt 0.863376 0.672767
vt 0.863376 0.352495
vt 0.811352 0.354239
vt 0.813850 0.676255
vt 0.811352 0.674511
vt 0.800390 0.326878
vt 0.798157 0.001514
vt 0.800390 0.003117
vt 0.764266 0.680866
vt 0.761819 0.352495
vt 0.764266 0.353898
vt 0.384320 0.370200
vt 0.387220 0.701188
vt 0.384320 0.699974
vt 0.343277 0.701834
vt 0.340649 0.368986
vt 0.343277 0.369632
vt 0.336043 0.702479
vt 0.333067 0.368998
vt 0.336043 0.368985
vt 0.351960 0.368986
vt 0.354202 0.702023
vt 0.351959 0.702455
vt 0.381293 0.368986
vt 0.379210 0.700754
vt 0.379210 0.369824
vt 0.745636 0.352495
vt 0.747982 0.682055
vt 0.745636 0.683424
vt 0.789288 0.001514
vt 0.785260 0.326725
vt 0.785260 0.004493
vt 0.827494 0.352495
vt 0.831189 0.671597
vt 0.827494 0.674726
vt 0.881355 0.317487
vt 0.877660 0.004643
vt 0.881355 0.001514
vt 0.909548 0.662210
vt 0.905385 0.352495
vt 0.909548 0.352495
vt 0.545149 0.698813
vt 0.572826 0.363388
vt 0.572624 0.699496
vt 0.701935 0.328834
vt 0.682864 0.001514
vt 0.701935 0.022147
vt 0.648737 0.002539
vt 0.651166 0.351519
vt 0.648737 0.350493
vt 0.634878 0.352404
vt 0.632176 0.001514
vt 0.633618 0.002401
vt 0.581484 0.003543
vt 0.584112 0.358251
vt 0.581399 0.356265
vt 0.555753 0.358244
vt 0.558027 0.001514
vt 0.558027 0.360083
vt 0.454000 0.361512
vt 0.450339 0.001514
vt 0.452965 0.002945
vt 0.434771 0.363942
vt 0.431972 0.001514
vt 0.435859 0.001636
vt 0.445164 0.364280
vt 0.445164 0.001514
vt 0.447312 0.002215
vt 0.462681 0.363585
vt 0.462681 0.001514
vt 0.464847 0.362371
vt 0.506879 0.001514
vt 0.508816 0.360753
vt 0.506879 0.362377
vt 0.571859 0.001514
vt 0.573602 0.356654
vt 0.571859 0.358366
vt 0.623414 0.354943
vt 0.621671 0.003226
vt 0.623414 0.001514
vt 0.661421 0.351519
vt 0.659321 0.001514
vt 0.661421 0.001514
vt 0.402058 0.008733
vt 0.408769 0.365958
vt 0.402058 0.358738
vt 0.673246 0.375197
vt 0.654193 0.702084
vt 0.654193 0.354546
vt 0.682864 0.352495
vt 0.685183 0.700025
vt 0.682864 0.700869
vt 0.679837 0.002548
vt 0.677412 0.350914
vt 0.677412 0.001514
vt 0.629142 0.003345
vt 0.626441 0.354236
vt 0.626441 0.001514
vt 0.602284 0.002580
vt 0.600853 0.357294
vt 0.600853 0.001514
vt 0.539842 0.359126
vt 0.542121 0.001514
vt 0.542121 0.360957
vt 0.457027 0.362389
vt 0.459654 0.001514
vt 0.459654 0.363821
vt 0.424286 0.002582
vt 0.421535 0.365237
vt 0.421535 0.001514
vt 0.428945 0.001514
vt 0.428945 0.365238
vt 0.427360 0.002474
vt 0.438887 0.364280
vt 0.438887 0.001514
vt 0.442136 0.002967
vt 0.501689 0.362841
vt 0.501689 0.001514
vt 0.503852 0.361620
vt 0.536815 0.361626
vt 0.534883 0.003144
vt 0.536815 0.001514
vt 0.576629 0.001514
vt 0.578372 0.356654
vt 0.576629 0.358366
vt 0.616901 0.001514
vt 0.618644 0.353231
vt 0.616901 0.354943
vt 0.654193 0.001514
vt 0.656293 0.351519
vt 0.654193 0.351519
vt 0.411796 0.008733
vt 0.418508 0.365958
vt 0.411796 0.358738
vt 0.860349 0.653960
vt 0.839697 0.352495
vt 0.860068 0.371118
vt 0.863001 0.002294
vt 0.860660 0.322802
vt 0.860660 0.001514
vt 0.831476 0.001514
vt 0.833933 0.322792
vt 0.831476 0.323748
vt 0.809788 0.325129
vt 0.808309 0.001514
vt 0.811073 0.002897
vt 0.792316 0.003353
vt 0.795130 0.329632
vt 0.792316 0.327792
vt 0.758792 0.354201
vt 0.756418 0.682311
vt 0.756418 0.352495
vt 0.412772 0.368985
vt 0.415159 0.698793
vt 0.412772 0.700482
vt 0.321353 0.370306
vt 0.324037 0.703123
vt 0.321353 0.701802
vt 0.311530 0.369328
vt 0.308732 0.703454
vt 0.308732 0.368985
vt 0.437773 0.367307
vt 0.441661 0.701753
vt 0.437773 0.701868
vt 0.425648 0.702826
vt 0.427871 0.369372
vt 0.428945 0.701484
vt 0.396174 0.368986
vt 0.398206 0.699596
vt 0.396174 0.701099
vt 0.772768 0.352495
vt 0.774632 0.680023
vt 0.772768 0.681602
vt 0.803417 0.001514
vt 0.805282 0.325884
vt 0.803417 0.327463
vt 0.819626 0.001514
vt 0.821726 0.324305
vt 0.819626 0.324305
vt 0.467875 0.372809
vt 0.475143 0.702259
vt 0.467875 0.695600
vt 0.498432 0.702232
vt 0.491163 0.372782
vt 0.498432 0.366124
vt 0.822366 0.352495
vt 0.824466 0.675287
vt 0.822366 0.675287
vt 0.806461 0.354074
vt 0.808325 0.678444
vt 0.806461 0.676865
vt 0.777659 0.354074
vt 0.779524 0.681602
vt 0.777659 0.680023
vt 0.369923 0.370482
vt 0.367886 0.701792
vt 0.367886 0.368986
vt 0.542058 0.365105
vt 0.539842 0.697904
vt 0.539842 0.363985
vt 0.577831 0.362280
vt 0.576204 0.696837
vt 0.576204 0.361393
vt 0.457529 0.702292
vt 0.457529 0.366849
vt 0.460330 0.367169
vt 0.431972 0.702442
vt 0.431972 0.367307
vt 0.434746 0.701433
vt 0.314558 0.703123
vt 0.318325 0.371115
vt 0.317242 0.701802
vt 0.753390 0.352495
vt 0.753390 0.683184
vt 0.751009 0.354192
vt 0.782551 0.681496
vt 0.785292 0.354368
vt 0.784044 0.680518
vt 0.800635 0.352495
vt 0.803433 0.676967
vt 0.800635 0.678647
vt 0.816878 0.675287
vt 0.816878 0.352495
vt 0.819339 0.353441
vt 0.834216 0.674350
vt 0.834216 0.352495
vt 0.836670 0.673386
vt 0.836960 0.001514
vt 0.857633 0.303384
vt 0.836960 0.322414
vt 0.096003 0.963612
vt 0.185771 0.887362
vt 0.714372 0.882075
vt 0.979398 0.036154
vt 0.681652 0.894745
vt 0.545149 0.888036
vt 0.109028 0.963612
vt 0.819385 0.917378
vt 0.200205 0.890389
vt 0.979398 0.070793
vt 0.410371 0.927218
vt 0.203232 0.924851
vt 0.991516 0.314256
vt 0.727397 0.882075
vt 0.854024 0.767421
vt 0.982132 0.387135
vt 0.558174 0.888036
vt 0.337062 0.782672
vt 0.992423 0.001514
vt 0.226255 0.890389
vt 0.780309 0.882075
vt 0.985160 0.765147
vt 0.229282 0.924851
vt 0.436421 0.889728
vt 0.982132 0.733534
vt 0.511687 0.856865
vt 0.868143 0.691349
vt 0.972134 0.972986
vt 0.854024 0.729931
vt 0.632578 0.779249
vt 0.982132 0.768174
vt 0.793334 0.882075
vt 0.350647 0.744090
vt 0.809387 0.986480
vt 0.514714 0.891327
vt 0.280819 0.737405
vt 0.982132 0.802814
vt 0.854024 0.842399
vt 0.709936 0.768514
vt 0.822412 0.986480
vt 0.645604 0.779249
vt 0.527740 0.891327
vt 0.982132 0.837454
vt 0.363672 0.744090
vt 0.198796 0.887362
vt 0.835437 0.986480
vt 0.293845 0.737405
vt 0.467527 0.894952
vt 0.982132 0.872094
vt 0.722961 0.768514
vt 0.832410 0.917378
vt 0.848462 0.986480
vt 0.619553 0.891717
vt 0.423396 0.927218
vt 0.982132 0.906734
vt 0.211821 0.887362
vt 0.806359 0.882075
vt 0.861488 0.986480
vt 0.480552 0.894952
vt 0.038340 0.888455
vt 0.122053 0.963612
vt 0.845435 0.917378
vt 0.252305 0.890389
vt 0.135079 0.963612
vt 0.436421 0.927218
vt 0.255333 0.924851
vt 0.995158 0.352495
vt 0.591397 0.890064
vt 0.642576 0.857255
vt 0.985160 0.799787
vt 0.051365 0.888455
vt 0.854024 0.804910
vt 0.148104 0.963612
vt 0.992423 0.036154
vt 0.278356 0.890389
vt 0.604422 0.890064
vt 0.985160 0.834427
vt 0.161129 0.963612
vt 0.281383 0.924851
vt 0.645604 0.891717
vt 0.174154 0.963612
vt 0.614105 0.773476
vt 0.104592 0.737404
vt 0.767284 0.764393
vt 0.139232 0.737405
vt 0.173872 0.737405
vt 0.208512 0.737405
vt 0.243152 0.737405
vt 0.277792 0.737405
vt 0.576761 0.738078
vt 0.415933 0.739771
vt 0.415933 0.814750
vt 0.284351 0.774894
vt 0.144446 0.740432
vt 0.287379 0.740432
vt 0.141419 0.774894
vt 0.577855 0.775568
vt 0.034219 0.774894
vt 0.732644 0.726904
vt 0.614105 0.735986
vt 0.372262 0.817134
vt 0.069953 0.850966
vt 0.766191 0.840465
vt 0.840999 0.764393
vt 0.033126 0.887362
vt 0.033126 0.812383
vt 0.104592 0.812383
vt 0.533302 0.740277
vt 0.840999 0.801883
vt 0.415933 0.852239
vt 0.840999 0.839372
vt 0.722961 0.841558
vt 0.104592 0.887362
vt 0.139232 0.812383
vt 0.173872 0.812383
vt 0.685806 0.740666
vt 0.801924 0.841558
vt 0.450573 0.852239
vt 0.842092 0.725811
vt 0.613012 0.849548
vt 0.685806 0.816738
vt 0.208512 0.812383
vt 0.243152 0.812383
vt 0.651166 0.740666
vt 0.033126 0.849873
vt 0.533302 0.853838
vt 0.104592 0.849873
vt 0.139232 0.849873
vt 0.722961 0.879048
vt 0.450573 0.814750
vt 0.277792 0.812383
vt 0.489142 0.740874
vt 0.173872 0.849873
vt 0.208512 0.849873
vt 0.651166 0.854228
vt 0.685806 0.854228
vt 0.489142 0.816946
vt 0.312432 0.812383
vt 0.533302 0.816349
vt 0.372262 0.741062
vt 0.243152 0.849873
vt 0.277792 0.849873
vt 0.489142 0.854436
vt 0.372262 0.854624
vt 0.801924 0.879048
vt 0.576761 0.813057
vt 0.651166 0.816738
vt 0.731551 0.765486
vt 0.312432 0.849873
vt 0.576761 0.850546
vt 0.840999 0.876861
vt 0.766191 0.877955
vt 0.613012 0.887037
vt 0.069953 0.813477
vt 0.034219 0.737404
vt 0.768377 0.725811
vt 0.180179 0.740432
vt 0.105686 0.774894
vt 0.248618 0.774894
vt 0.417026 0.777260
vt 0.452759 0.777260
vt 0.069953 0.737405
vt 0.501689 0.928817
vt 0.658629 0.891717
vt 0.979398 0.105433
vt 0.858460 0.917378
vt 0.780309 0.768514
vt 0.995158 0.387135
vt 0.493577 0.894952
vt 0.327064 0.741062
vt 0.979398 0.140073
vt 0.224847 0.887362
vt 0.376697 0.744090
vt 0.187179 0.963612
vt 0.671654 0.891717
vt 0.658629 0.779249
vt 0.979398 0.174713
vt 0.307433 0.960585
vt 0.867050 0.842399
vt 0.200205 0.963612
vt 0.200205 0.927879
vt 0.457529 0.891925
vt 0.979398 0.209353
vt 0.545149 0.961258
vt 0.011512 0.890389
vt 0.213230 0.963612
vt 0.213230 0.927879
vt 0.337062 0.820161
vt 0.979398 0.243993
vt 0.558174 0.961258
vt 0.480552 0.857463
vt 0.995158 0.421775
vt 0.226255 0.927879
vt 0.294408 0.924851
vt 0.979398 0.278633
vt 0.038340 0.961678
vt 0.317431 0.890389
vt 0.226255 0.963612
vt 0.239280 0.927879
vt 0.384320 0.889728
vt 0.436421 0.961858
vt 0.051365 0.961678
vt 0.024537 0.890389
vt 0.992423 0.070793
vt 0.252305 0.927879
vt 0.514714 0.928817
vt 0.501689 0.963457
vt 0.384320 0.962951
vt 0.871485 0.917378
vt 0.992423 0.105433
vt 0.265330 0.927879
vt 0.337062 0.895140
vt 0.514714 0.963457
vt 0.397345 0.962951
vt 0.237872 0.887362
vt 0.992423 0.140073
vt 0.278356 0.927879
vt 0.483580 0.891925
vt 0.527740 0.963457
vt 0.410371 0.962951
vt 0.793334 0.768514
vt 0.992423 0.174713
vt 0.291381 0.927879
vt 0.059955 0.775987
vt 0.619553 0.963847
vt 0.457529 0.964054
vt 0.780309 0.729931
vt 0.992423 0.209353
vt 0.239280 0.963612
vt 0.671654 0.779249
vt 0.632578 0.963847
vt 0.470554 0.964054
vt 0.117618 0.852900
vt 0.992423 0.243993
vt 0.995158 0.456415
vt 0.327064 0.892112
vt 0.645604 0.963847
vt 0.483580 0.964054
vt 0.082978 0.890389
vt 0.992423 0.278633
vt 0.252305 0.963612
vt 0.855118 0.691349
vt 0.658629 0.963847
vt 0.327064 0.964242
vt 0.350647 0.857651
vt 0.591397 0.963287
vt 0.265330 0.963612
vt 0.545149 0.925525
vt 0.441970 0.705469
vt 0.340649 0.964242
vt 0.568172 0.891063
vt 0.727397 0.919565
vt 0.278356 0.963612
vt 0.397345 0.889728
vt 0.780309 0.919565
vt 0.353674 0.964242
vt 0.096003 0.890389
vt 0.793334 0.919565
vt 0.995158 0.491055
vt 0.527740 0.928817
vt 0.806359 0.919565
vt 0.366700 0.964242
vt 0.952440 0.314256
vt 0.591397 0.927554
vt 0.291381 0.963612
vt 0.350647 0.895140
vt 0.604422 0.927554
vt 0.955468 0.345869
vt 0.250897 0.887362
vt 0.011512 0.927879
vt 0.304406 0.963612
vt 0.353674 0.892113
vt 0.024537 0.927879
vt 0.982132 0.421775
vt 0.806359 0.729931
vt 0.082978 0.927879
vt 0.995158 0.837454
vt 0.046930 0.775987
vt 0.096003 0.927879
vt 0.982132 0.456415
vt 0.781402 0.691348
vt 0.109028 0.927879
vt 0.995158 0.872094
vt 0.684679 0.779249
vt 0.122053 0.927879
vt 0.982132 0.491055
vt 0.130643 0.852900
vt 0.135079 0.927879
vt 0.995158 0.906734
vt 0.366700 0.892113
vt 0.148104 0.927879
vt 0.982132 0.525695
vt 0.109028 0.890389
vt 0.161129 0.927879
vt 0.995158 0.941373
vt 0.867050 0.729931
vt 0.501689 0.778859
vt 0.982132 0.560335
vt 0.900339 0.314256
vt 0.174154 0.927879
vt 0.555147 0.964286
vt 0.038340 0.925945
vt 0.903367 0.348718
vt 0.982132 0.594974
vt 0.061363 0.891483
vt 0.929417 0.348718
vt 0.568172 0.964286
vt 0.410371 0.889728
vt 0.645604 0.929206
vt 0.982132 0.629614
vt 0.122053 0.890389
vt 0.302998 0.887362
vt 0.048338 0.964705
vt 0.619553 0.929206
vt 0.668627 0.894745
vt 0.982132 0.664254
vt 0.744576 0.918471
vt 0.704374 0.954027
vt 0.061363 0.964705
vt 0.363672 0.895140
vt 0.809387 0.914351
vt 0.717399 0.986910
vt 0.263922 0.887362
vt 0.457529 0.779457
vt 0.537737 0.966484
vt 0.822412 0.914351
vt 0.187179 0.927879
vt 0.770311 0.986910
vt 0.806359 0.768514
vt 0.671654 0.963847
vt 0.629551 0.966874
vt 0.514714 0.778859
vt 0.982132 0.352495
vt 0.783336 0.986910
vt 0.793334 0.729931
vt 0.796362 0.986910
vt 0.642576 0.966874
vt 0.470554 0.779457
vt 0.436421 0.996498
vt 0.734578 0.987573
vt 0.143668 0.852900
vt 0.747603 0.987573
vt 0.655601 0.966874
vt 0.835437 0.914351
vt 0.982132 0.698894
vt 0.691349 0.988666
vt 0.135079 0.890389
vt 0.968493 0.345869
vt 0.668627 0.966874
vt 0.867050 0.767421
vt 0.423396 0.962951
vt 0.704374 0.988666
vt 0.858460 0.879889
vt 0.794427 0.691348
vt 0.681652 0.966874
vt 0.916392 0.348718
vt 0.156693 0.852900
vt 0.317431 0.963612
vt 0.394318 0.892756
vt 0.148104 0.890389
vt 0.604422 0.963287
vt 0.423396 0.889728
vt 0.871485 0.879889
vt 0.969400 0.033126
vt 0.161129 0.890389
vt 0.407343 0.892756
vt 0.011512 0.963612
vt 0.632578 0.929206
vt 0.174154 0.890389
vt 0.384320 0.997591
vt 0.757601 0.918471
vt 0.807453 0.691349
vt 0.701346 0.919565
vt 0.995158 0.525695
vt 0.376698 0.895140
vt 0.527740 0.778859
vt 0.276947 0.887362
vt 0.397345 0.997591
vt 0.289972 0.887362
vt 0.744576 0.767421
vt 0.591397 0.776503
vt 0.995158 0.560335
vt 0.734578 0.915444
vt 0.483580 0.779457
vt 0.304406 0.927879
vt 0.410371 0.997591
vt 0.604422 0.776503
vt 0.169718 0.852900
vt 0.995158 0.594975
vt 0.995158 0.629614
vt 0.619553 0.779249
vt 0.747603 0.915444
vt 0.433394 0.965978
vt 0.501689 0.998097
vt 0.757601 0.767421
vt 0.187179 0.890389
vt 0.024537 0.963612
vt 0.995158 0.664254
vt 0.327064 0.779644
vt 0.867050 0.804910
vt 0.995158 0.698894
vt 0.514714 0.998097
vt 0.182744 0.852900
vt 0.701346 0.882075
vt 0.082978 0.963612
vt 0.742084 0.291418
vt 0.704963 0.331350
vt 0.704963 0.001514
vt 0.337622 0.001514
vt 0.742609 0.392427
vt 0.463357 0.366849
vt 0.272999 0.368985
vt 0.305705 0.368985
vt 0.305705 0.698822
vt 0.272999 0.698822
vt 0.270813 0.368985
vt 0.270813 0.698822
vt 0.239200 0.368985
vt 0.239200 0.698822
vt 0.237014 0.368985
vt 0.237014 0.698822
vt 0.205401 0.368985
vt 0.205401 0.698822
vt 0.203215 0.368985
vt 0.203215 0.698822
vt 0.171602 0.368985
vt 0.171602 0.698822
vt 0.169415 0.368985
vt 0.169416 0.698822
vt 0.137803 0.368985
vt 0.137803 0.698822
vt 0.135616 0.368985
vt 0.135617 0.698822
vt 0.104004 0.368985
vt 0.104004 0.698822
vt 0.101817 0.368985
vt 0.101817 0.698822
vt 0.070205 0.368985
vt 0.070205 0.698822
vt 0.068018 0.368985
vt 0.068018 0.698822
vt 0.036406 0.368985
vt 0.001514 0.698822
vt 0.001514 0.368985
vt 0.963721 0.656686
vt 0.923517 0.619858
vt 0.963721 0.352495
vt 0.963721 0.385201
vt 0.963721 0.387387
vt 0.963721 0.623980
vt 0.963721 0.621794
vt 0.963721 0.419000
vt 0.963721 0.421186
vt 0.963721 0.590181
vt 0.963721 0.587995
vt 0.963721 0.452799
vt 0.963721 0.454985
vt 0.963721 0.556382
vt 0.963721 0.554196
vt 0.963721 0.486598
vt 0.963721 0.488784
vt 0.963721 0.963905
vt 0.923517 0.927077
vt 0.963720 0.659714
vt 0.963720 0.692419
vt 0.963720 0.694606
vt 0.963721 0.931199
vt 0.963721 0.929012
vt 0.963720 0.726218
vt 0.963720 0.728405
vt 0.963721 0.897400
vt 0.963721 0.895213
vt 0.963720 0.760017
vt 0.963720 0.762204
vt 0.963720 0.863601
vt 0.963720 0.861414
vt 0.963720 0.793816
vt 0.963720 0.796003
vt 0.340649 0.365959
vt 0.613874 0.394620
vt 0.651164 0.392278
vt 0.609076 0.697404
vt 0.371353 0.365959
vt 0.515233 0.365868
vt 0.890341 0.297792
vt 0.482334 0.366150
vt 0.634878 0.357263
vt 0.674384 0.001514
vt 0.590969 0.001514
vt 0.547424 0.001514
vt 0.512957 0.362161
vt 0.493399 0.001514
vt 0.473878 0.363123
vt 0.482495 0.002214
vt 0.523119 0.001514
vt 0.563429 0.003035
vt 0.608716 0.003252
vt 0.640294 0.003405
vt 0.691047 0.354608
vt 0.679837 0.355783
vt 0.625629 0.359740
vt 0.485522 0.366150
vt 0.357230 0.368986
vt 0.404387 0.369948
vt 0.523119 0.700576
vt 0.450339 0.702675
vt 0.643460 0.698208
vt 0.667903 0.001514
vt 0.593997 0.357373
vt 0.550451 0.360343
vt 0.518038 0.362160
vt 0.496426 0.363096
vt 0.467875 0.363123
vt 0.485522 0.362423
vt 0.531855 0.361723
vt 0.568832 0.003035
vt 0.613874 0.003252
vt 0.645709 0.003405
vt 0.696911 0.354607
vt 0.640432 0.357438
vt 0.616901 0.695566
vt 0.702460 0.688321
vt 0.364858 0.702406
vt 0.409745 0.369948
vt 0.887689 0.662210
vt 0.908037 0.311229
vt 0.875008 0.668468
vt 0.824753 0.323745
vt 0.792348 0.677706
vt 0.418186 0.699915
vt 0.376182 0.700754
vt 0.444688 0.700776
vt 0.327064 0.702479
vt 0.348932 0.369632
vt 0.390247 0.699974
vt 0.769740 0.353898
vt 0.795375 0.677859
vt 0.814101 0.323530
vt 0.866028 0.319838
vt 0.872007 0.001514
vt 0.884662 0.665475
vt 0.915139 0.353605
vt 0.918167 0.659226
vt 0.966748 0.966567
vt 0.875008 0.938859
vt 0.926169 0.305705
vt 0.966748 0.658461
vt 0.923142 0.001514
vt 0.915227 0.311229
vt 0.884383 0.314494
vt 0.869355 0.668871
vt 0.866328 0.670819
vt 0.813850 0.352495
vt 0.798157 0.328481
vt 0.761820 0.682269
vt 0.387220 0.368986
vt 0.340649 0.702480
vt 0.333067 0.702467
vt 0.354202 0.369418
vt 0.381293 0.701592
vt 0.747982 0.353864
vt 0.789288 0.329704
vt 0.831189 0.355624
vt 0.877661 0.314358
vt 0.905385 0.662210
vt 0.545149 0.363370
vt 0.682864 0.349468
vt 0.651166 0.001514
vt 0.632177 0.354236
vt 0.584112 0.001514
vt 0.450339 0.363821
vt 0.431972 0.364280
vt 0.509930 0.003902
vt 0.573602 0.003226
vt 0.621671 0.353231
vt 0.659321 0.351519
vt 0.408769 0.001514
vt 0.673001 0.681884
vt 0.629149 0.352746
vt 0.603560 0.355300
vt 0.539842 0.003345
vt 0.457027 0.002946
vt 0.424333 0.364890
vt 0.534883 0.359996
vt 0.578372 0.003226
vt 0.618644 0.003226
vt 0.656293 0.001514
vt 0.418508 0.001514
vt 0.839697 0.673011
vt 0.808309 0.325952
vt 0.795130 0.001514
vt 0.324037 0.368985
vt 0.425648 0.368265
vt 0.398206 0.370489
vt 0.774632 0.354074
vt 0.805282 0.003092
vt 0.821726 0.001514
vt 0.475143 0.366150
vt 0.491163 0.695574
vt 0.824466 0.352495
vt 0.808325 0.352495
vt 0.779524 0.352495
vt 0.371072 0.699587
vt 0.578372 0.696200
vt 0.314558 0.368985
vt 0.782551 0.352495
vt 0.803433 0.354175
vt 0.857633 0.020543
s 0
usemtl Material
f 47/1/1 551/2/1 232/3/1
f 30/4/2 394/5/2 127/6/2
f 61/7/2 602/8/2 63/9/2
f 102/10/3 517/11/3 223/12/3
f 79/13/4 392/14/4 185/15/4
f 109/16/4 600/17/4 243/18/4
f 91/19/1 547/20/1 156/21/1
f 183/22/2 390/23/2 184/24/2
f 241/25/2 598/26/2 242/27/2
f 99/28/3 513/29/3 146/30/3
f 29/31/4 388/32/4 268/33/4
f 60/34/4 596/35/4 59/36/4
f 220/37/1 539/38/1 231/39/1
f 78/40/2 386/41/2 182/42/2
f 239/43/2 594/44/2 240/45/2
f 145/46/3 469/47/3 45/48/3
f 180/49/4 384/50/4 181/51/4
f 238/52/4 592/53/4 162/54/4
f 217/55/1 535/56/1 228/57/1
f 178/58/2 382/59/2 179/60/2
f 58/61/2 590/62/2 319/63/2
f 305/64/3 501/65/3 219/66/3
f 28/67/4 380/68/4 27/69/4
f 318/70/4 588/71/4 57/72/4
f 297/73/1 531/74/1 96/75/1
f 26/76/2 378/77/2 77/78/2
f 56/79/2 586/80/2 161/81/2
f 229/82/3 497/83/3 44/84/3
f 125/85/4 376/86/4 126/87/4
f 237/88/4 584/89/4 317/90/4
f 294/91/1 527/92/1 226/93/1
f 124/94/2 374/95/2 25/96/2
f 159/97/2 582/98/2 160/99/2
f 97/100/3 493/101/3 142/102/3
f 24/103/4 372/104/4 123/105/4
f 315/106/4 580/107/4 316/108/4
f 214/109/1 523/110/1 147/111/1
f 177/112/2 370/113/2 267/114/2
f 108/115/2 578/116/2 314/117/2
f 150/118/3 489/119/3 89/120/3
f 175/121/4 368/122/4 176/123/4
f 236/124/4 576/125/4 313/126/4
f 211/127/1 519/128/1 48/129/1
f 174/130/2 366/131/2 266/132/2
f 311/133/2 574/134/2 312/135/2
f 148/136/3 485/137/3 213/138/3
f 13/139/4 364/140/4 76/141/4
f 234/142/4 572/143/4 235/144/4
f 293/145/1 515/146/1 92/147/1
f 31/148/2 362/149/2 14/150/2
f 310/151/2 570/152/2 233/153/2
f 224/154/3 481/155/3 210/156/3
f 264/157/4 360/158/4 265/159/4
f 55/160/4 568/161/4 54/162/4
f 208/163/1 511/164/1 301/165/1
f 122/166/2 358/167/2 263/168/2
f 308/169/2 566/170/2 309/171/2
f 222/172/3 477/173/3 42/174/3
f 262/175/4 356/176/4 21/177/4
f 107/178/4 564/179/4 53/180/4
f 137/181/1 503/182/1 221/183/1
f 75/184/2 354/185/2 261/186/2
f 158/187/2 562/188/2 307/189/2
f 46/190/3 433/191/3 194/192/3
f 22/193/4 352/194/4 260/195/4
f 105/196/4 560/197/4 106/198/4
f 136/199/1 499/200/1 218/201/1
f 259/202/2 350/203/2 20/204/2
f 103/205/2 558/206/2 104/207/2
f 143/208/3 465/209/3 205/210/3
f 172/211/4 348/212/4 173/213/4
f 101/214/4 556/215/4 102/216/4
f 289/217/1 495/218/1 298/219/1
f 151/220/1 579/221/1 315/222/1
f 74/223/2 346/224/2 121/225/2
f 157/226/2 554/227/2 100/228/2
f 299/229/3 461/230/3 204/231/3
f 90/232/1 543/233/1 152/234/1
f 171/235/4 344/236/4 120/237/4
f 232/238/4 552/239/4 99/240/4
f 286/241/1 491/242/1 295/243/1
f 641/244/5 610/245/5 609/246/5
f 584/247/5 546/248/5 545/249/5
f 336/250/5 616/251/5 613/252/5
f 364/253/5 326/254/5 325/255/5
f 400/256/5 362/257/5 361/258/5
f 436/259/5 398/260/5 397/261/5
f 472/262/5 434/263/5 433/264/5
f 508/265/5 470/266/5 469/267/5
f 544/268/5 506/269/5 505/270/5
f 580/271/5 542/272/5 541/273/5
f 372/274/5 334/275/5 333/276/5
f 340/277/5 618/278/5 615/279/5
f 344/280/5 620/281/5 617/282/5
f 348/283/5 622/284/5 619/285/5
f 352/286/5 624/287/5 621/288/5
f 356/289/5 626/290/5 623/291/5
f 360/292/5 628/293/5 625/294/5
f 328/295/5 648/296/5 627/297/5
f 332/298/5 614/299/5 647/300/5
f 376/301/5 338/302/5 337/303/5
f 380/304/5 342/305/5 341/306/5
f 384/307/5 346/308/5 345/309/5
f 388/310/5 350/311/5 349/312/5
f 392/313/5 354/314/5 353/315/5
f 396/316/5 358/317/5 357/318/5
f 408/319/5 370/320/5 369/321/5
f 368/322/5 330/323/5 329/324/5
f 412/325/5 374/326/5 373/327/5
f 416/328/5 378/329/5 377/330/5
f 420/331/5 382/332/5 381/333/5
f 424/334/5 386/335/5 385/336/5
f 428/337/5 390/338/5 389/339/5
f 432/340/5 394/341/5 393/342/5
f 444/343/5 406/344/5 405/345/5
f 404/346/5 366/347/5 365/348/5
f 448/349/5 410/350/5 409/351/5
f 452/352/5 414/353/5 413/354/5
f 456/355/5 418/356/5 417/357/5
f 460/358/5 422/359/5 421/360/5
f 464/361/5 426/362/5 425/363/5
f 468/364/5 430/365/5 429/366/5
f 480/367/5 442/368/5 441/369/5
f 440/370/5 402/371/5 401/372/5
f 484/373/5 446/374/5 445/375/5
f 488/376/5 450/377/5 449/378/5
f 492/379/5 454/380/5 453/381/5
f 496/382/5 458/383/5 457/384/5
f 500/385/5 462/386/5 461/387/5
f 504/388/5 466/389/5 465/390/5
f 516/391/5 478/392/5 477/393/5
f 476/394/5 438/395/5 437/396/5
f 520/397/5 482/398/5 481/399/5
f 524/400/5 486/401/5 485/402/5
f 528/403/5 490/404/5 489/405/5
f 532/406/5 494/407/5 493/408/5
f 536/409/5 498/410/5 497/411/5
f 540/412/5 502/413/5 501/414/5
f 552/415/5 514/416/5 513/417/5
f 512/418/5 474/419/5 473/420/5
f 556/421/5 518/422/5 517/423/5
f 560/424/5 522/425/5 521/426/5
f 564/427/5 526/428/5 525/429/5
f 568/430/5 530/431/5 529/432/5
f 572/433/5 534/434/5 533/435/5
f 576/436/5 538/437/5 537/438/5
f 588/439/5 550/440/5 549/441/5
f 548/442/5 510/443/5 509/444/5
f 592/445/5 554/446/5 553/447/5
f 596/448/5 558/449/5 557/450/5
f 600/451/5 562/452/5 561/453/5
f 604/454/5 566/455/5 565/456/5
f 608/457/5 570/458/5 569/459/5
f 612/460/5 574/461/5 573/462/5
f 646/463/5 582/464/5 581/465/5
f 629/466/5 586/467/5 585/468/5
f 631/469/5 590/470/5 589/471/5
f 633/472/5 594/473/5 593/474/5
f 635/475/5 598/476/5 597/477/5
f 637/478/5 602/479/5 601/480/5
f 639/481/5 606/482/5 605/483/5
f 643/484/5 578/485/5 577/486/5
f 65/487/4 604/488/4 62/489/4
f 186/490/4 396/491/4 269/492/4
f 106/493/3 521/494/3 94/495/3
f 64/496/2 606/497/2 320/498/2
f 187/499/2 398/500/2 270/501/2
f 93/502/1 555/503/1 101/504/1
f 321/505/4 608/506/4 110/507/4
f 271/508/4 400/509/4 128/510/4
f 53/511/3 525/512/3 149/513/3
f 66/514/2 610/515/2 69/516/2
f 272/517/2 402/518/2 188/519/2
f 95/520/1 559/521/1 105/522/1
f 68/523/4 612/524/4 67/525/4
f 189/526/4 404/527/4 80/528/4
f 54/529/3 529/530/3 302/531/3
f 16/532/3 613/533/3 244/534/3
f 81/535/2 406/536/2 32/537/2
f 225/538/1 563/539/1 107/540/1
f 322/541/1 331/542/1 71/543/1
f 33/544/4 408/545/4 129/546/4
f 235/547/3 533/548/3 303/549/3
f 170/550/3 615/551/3 323/552/3
f 130/553/2 410/554/2 34/555/2
f 49/556/1 567/557/1 55/558/1
f 245/559/1 335/560/1 72/561/1
f 273/562/4 412/563/4 274/564/4
f 313/565/3 537/566/3 304/567/3
f 120/568/3 617/569/3 324/570/3
f 35/571/2 414/572/2 190/573/2
f 227/574/1 571/575/1 234/576/1
f 111/577/1 339/578/1 258/579/1
f 275/580/4 416/581/4 36/582/4
f 153/583/3 505/584/3 50/585/3
f 173/586/3 619/587/3 163/588/3
f 37/589/2 418/590/2 276/591/2
f 230/592/1 575/593/1 236/594/1
f 164/595/1 343/596/1 171/597/1
f 277/598/4 420/599/4 131/600/4
f 57/601/3 549/602/3 51/603/3
f 260/604/3 621/605/3 246/606/3
f 278/607/2 422/608/2 38/609/2
f 155/610/1 583/611/1 237/612/1
f 247/613/1 347/614/1 172/615/1
f 191/616/4 424/617/4 192/618/4
f 162/619/3 553/620/3 157/621/3
f 21/622/3 623/623/3 112/624/3
f 82/625/2 426/626/2 39/627/2
f 52/628/1 587/629/1 318/630/1
f 113/631/1 351/632/1 22/633/1
f 132/634/4 428/635/4 279/636/4
f 59/637/3 557/638/3 103/639/3
f 265/640/3 625/641/3 114/642/3
f 133/643/2 430/644/2 83/645/2
f 100/646/1 591/647/1 238/648/1
f 115/649/1 355/650/1 262/651/1
f 193/652/4 432/653/4 280/654/4
f 243/655/3 561/656/3 158/657/3
f 23/658/3 627/659/3 12/660/3
f 194/661/2 434/662/2 281/663/2
f 104/664/1 595/665/1 60/666/1
f 11/667/1 359/668/1 264/669/1
f 15/670/4 436/671/4 195/672/4
f 62/673/3 565/674/3 308/675/3
f 123/676/3 333/677/3 256/678/3
f 196/679/2 438/680/2 197/681/2
f 307/682/1 599/683/1 109/684/1
f 169/685/1 367/686/1 175/687/1
f 134/688/4 440/689/4 10/690/4
f 110/691/3 569/692/3 310/693/3
f 126/694/3 337/695/3 73/696/3
f 198/697/2 442/698/2 199/699/2
f 309/700/1 603/701/1 65/702/1
f 257/703/1 371/704/1 24/705/1
f 40/706/4 444/707/4 84/708/4
f 67/709/3 573/710/3 311/711/3
f 27/712/3 341/713/3 18/714/3
f 200/715/2 446/716/2 201/717/2
f 233/718/1 607/719/1 321/720/1
f 17/721/1 375/722/1 125/723/1
f 85/724/4 448/725/4 86/726/4
f 316/727/3 541/728/3 306/729/3
f 181/730/3 345/731/3 74/732/3
f 282/733/2 450/734/2 283/735/2
f 312/736/1 611/737/1 68/738/1
f 19/739/1 379/740/1 28/741/1
f 284/742/4 452/743/4 41/744/4
f 7/745/3 585/746/3 56/747/3
f 268/748/3 349/749/3 259/750/3
f 285/751/2 454/752/2 286/753/2
f 160/754/1 630/755/1 8/756/1
f 121/757/1 383/758/1 180/759/1
f 202/760/4 456/761/4 287/762/4
f 116/763/3 589/764/3 58/765/3
f 185/766/3 353/767/3 75/768/3
f 288/769/2 458/770/2 289/771/2
f 161/772/1 632/773/1 165/774/1
f 20/775/1 387/776/1 29/777/1
f 135/778/4 460/779/4 203/780/4
f 5/781/3 593/782/3 239/783/3
f 269/784/3 357/785/3 122/786/3
f 204/787/2 462/788/2 136/789/2
f 319/790/1 634/791/1 6/792/1
f 261/793/1 391/794/1 79/795/1
f 87/796/4 464/797/4 290/798/4
f 3/799/3 597/800/3 241/801/3
f 76/802/3 325/803/3 70/804/3
f 205/805/2 466/806/2 137/807/2
f 240/808/1 636/809/1 4/810/1
f 263/811/1 395/812/1 186/813/1
f 138/814/4 468/815/4 206/816/4
f 2/817/3 601/818/3 61/819/3
f 129/820/3 369/821/3 177/822/3
f 45/823/2 470/824/2 139/825/2
f 242/826/1 638/827/1 248/828/1
f 266/829/1 403/830/1 189/831/1
f 291/832/4 472/833/4 46/834/4
f 249/835/3 605/836/3 64/837/3
f 274/838/3 373/839/3 124/840/3
f 207/841/2 474/842/2 208/843/2
f 63/844/1 640/845/1 250/846/1
f 267/847/1 407/848/1 33/849/1
f 292/850/4 476/851/4 209/852/4
f 251/853/3 609/854/3 66/855/3
f 36/856/3 377/857/3 26/858/3
f 42/859/2 478/860/2 293/861/2
f 320/862/1 642/863/1 252/864/1
f 25/865/1 411/866/1 273/867/1
f 43/868/4 480/869/4 88/870/4
f 253/871/3 577/872/3 108/873/3
f 131/874/3 381/875/3 178/876/3
f 210/877/2 482/878/2 211/879/2
f 69/880/1 644/881/1 254/882/1
f 77/883/1 415/884/1 275/885/1
f 212/886/4 484/887/4 140/888/4
f 255/889/4 643/890/4 253/891/4
f 192/892/3 385/893/3 78/894/3
f 213/895/2 486/896/2 214/897/2
f 314/898/1 645/899/1 255/900/1
f 179/901/1 419/902/1 277/903/1
f 141/904/4 488/905/4 215/906/4
f 254/907/4 641/908/4 251/909/4
f 279/910/3 389/911/3 183/912/3
f 89/913/2 490/914/2 294/915/2
f 252/916/4 639/917/4 249/918/4
f 182/919/1 423/920/1 191/921/1
f 295/922/4 492/923/4 296/924/4
f 250/925/4 637/926/4 2/927/4
f 280/928/3 393/929/3 30/930/3
f 142/931/2 494/932/2 297/933/2
f 248/934/4 635/935/4 3/936/4
f 184/937/1 427/938/1 132/939/1
f 298/940/4 496/941/4 216/942/4
f 4/943/4 633/944/4 5/945/4
f 128/946/3 361/947/3 31/948/3
f 44/949/2 498/950/2 217/951/2
f 6/952/4 631/953/4 116/954/4
f 127/955/1 431/956/1 193/957/1
f 218/958/4 500/959/4 299/960/4
f 165/961/4 629/962/4 7/963/4
f 84/964/3 405/965/3 81/966/3
f 219/967/2 502/968/2 220/969/2
f 8/970/4 646/971/4 1/972/4
f 188/973/1 439/974/1 134/975/1
f 221/976/4 504/977/4 143/978/4
f 1/979/3 581/980/3 159/981/3
f 86/982/3 409/983/3 130/984/3
f 50/985/2 506/986/2 90/987/2
f 317/988/3 545/989/3 154/990/3
f 32/991/1 443/992/1 40/993/1
f 144/994/4 508/995/4 145/996/4
f 98/997/3 509/998/3 300/999/3
f 41/1000/3 413/1001/3 35/1002/3
f 300/1003/2 510/1004/2 91/1005/2
f 9/1006/3 473/1007/3 207/1008/3
f 34/1009/1 447/1010/1 85/1011/1
f 301/1012/4 512/1013/4 9/1014/4
f 209/1015/3 437/1016/3 196/1017/3
f 287/1018/3 417/1019/3 37/1020/3
f 146/1021/2 514/1022/2 47/1023/2
f 10/1024/3 401/1025/3 272/1026/3
f 190/1027/1 451/1028/1 284/1029/1
f 92/1030/4 516/1031/4 222/1032/4
f 80/1033/3 365/1034/3 174/1035/3
f 203/1036/3 421/1037/3 278/1038/3
f 223/1039/2 518/1040/2 93/1041/2
f 176/1042/3 329/1043/3 168/1044/3
f 276/1045/1 455/1046/1 202/1047/1
f 48/1048/4 520/1049/4 224/1050/4
f 119/1051/3 647/1052/3 166/1053/3
f 290/1054/3 425/1055/3 82/1056/3
f 94/1057/2 522/1058/2 95/1059/2
f 166/1060/2 614/1061/2 322/1062/2
f 38/1063/1 459/1064/1 135/1065/1
f 147/1066/4 524/1067/4 148/1068/4
f 244/1069/2 616/1070/2 245/1071/2
f 206/1072/3 429/1073/3 133/1074/3
f 149/1075/2 526/1076/2 225/1077/2
f 323/1078/2 618/1079/2 111/1080/2
f 39/1081/1 463/1082/1 87/1083/1
f 226/1084/4 528/1085/4 150/1086/4
f 324/1087/2 620/1088/2 164/1089/2
f 195/1090/3 397/1091/3 187/1092/3
f 302/1093/2 530/1094/2 49/1095/2
f 163/1096/2 622/1097/2 247/1098/2
f 83/1099/1 467/1100/1 138/1101/1
f 96/1102/4 532/1103/4 97/1104/4
f 246/1105/2 624/1106/2 113/1107/2
f 88/1108/3 441/1109/3 198/1110/3
f 303/1111/2 534/1112/2 227/1113/2
f 70/1114/2 326/1115/2 118/1116/2
f 112/1117/2 626/1118/2 115/1119/2
f 197/1120/1 475/1121/1 292/1122/1
f 228/1123/4 536/1124/4 229/1125/4
f 167/1126/4 328/1127/4 23/1128/4
f 114/1129/2 628/1130/2 11/1131/2
f 140/1132/3 445/1133/3 200/1134/3
f 304/1135/2 538/1136/2 230/1137/2
f 168/1138/2 330/1139/2 169/1140/2
f 12/1141/2 648/1142/2 117/1143/2
f 199/1144/1 479/1145/1 43/1146/1
f 231/1147/4 540/1148/4 305/1149/4
f 71/1150/4 332/1151/4 119/1152/4
f 117/1153/1 327/1154/1 167/1155/1
f 215/1156/3 449/1157/3 282/1158/3
f 306/1159/2 542/1160/2 151/1161/2
f 256/1162/2 334/1163/2 257/1164/2
f 118/1165/1 363/1166/1 13/1167/1
f 201/1168/1 483/1169/1 212/1170/1
f 152/1171/4 544/1172/4 153/1173/4
f 72/1174/4 336/1175/4 16/1176/4
f 14/1177/1 399/1178/1 271/1179/1
f 296/1180/3 453/1181/3 285/1182/3
f 154/1183/2 546/1184/2 155/1185/2
f 73/1186/2 338/1187/2 17/1188/2
f 270/1189/1 435/1190/1 15/1191/1
f 283/1192/1 487/1193/1 141/1194/1
f 156/1195/4 548/1196/4 98/1197/4
f 258/1198/4 340/1199/4 170/1200/4
f 281/1201/1 471/1202/1 291/1203/1
f 216/1204/3 457/1205/3 288/1206/3
f 51/1207/2 550/1208/2 52/1209/2
f 18/1210/2 342/1211/2 19/1212/2
f 139/1213/1 507/1214/1 144/1215/1
f 11/1216/6 12/1217/6 653/1218/6
f 652/1219/7 650/1220/7 651/1221/7
f 1/1222/8 715/1223/8 255/1224/8
f 7/1225/2 6/1226/2 8/1227/2
f 317/1228/5 159/1229/5 314/1230/5
f 653/1231/9 291/1232/9 139/1233/9
f 694/1234/10 196/1235/10 10/1236/10
f 741/1237/11 649/1238/11 673/1239/11
f 166/1240/2 114/1241/2 11/1242/2
f 12/1243/5 166/1244/5 117/1245/5
f 769/1246/12 649/1247/12 652/1248/12
f 769/1249/13 651/1250/13 714/1251/13
f 748/1252/6 672/1253/6 735/1254/6
f 716/1255/9 735/1256/9 672/1257/9
f 675/1258/2 671/1259/2 672/1260/2
f 676/1261/14 670/1262/14 671/1263/14
f 677/1264/14 669/1265/14 670/1266/14
f 678/1267/15 668/1268/15 669/1269/15
f 679/1270/16 667/1271/16 668/1272/16
f 680/1273/17 666/1274/17 667/1275/17
f 681/1276/18 665/1277/18 666/1278/18
f 682/1279/19 664/1280/19 665/1281/19
f 683/1282/20 663/1283/20 664/1284/20
f 663/1285/21 685/1286/21 662/1287/21
f 685/1288/22 661/1289/22 662/1290/22
f 686/1291/23 660/1292/23 661/1293/23
f 687/1294/24 659/1295/24 660/1296/24
f 688/1297/25 658/1298/25 659/1299/25
f 689/1300/26 657/1301/26 658/1302/26
f 690/1303/27 656/1304/27 657/1305/27
f 656/1306/28 692/1307/28 655/1308/28
f 655/1309/29 693/1310/29 654/1311/29
f 693/1312/30 117/1313/30 654/1314/30
f 166/1315/31 653/1316/31 117/1317/31
f 776/1318/8 713/1319/8 762/1320/8
f 716/1321/4 712/1322/4 713/1323/4
f 717/1324/32 711/1325/32 712/1326/32
f 718/1327/32 710/1328/32 711/1329/32
f 719/1330/33 709/1331/33 710/1332/33
f 720/1333/34 708/1334/34 709/1335/34
f 721/1336/35 707/1337/35 708/1338/35
f 722/1339/36 706/1340/36 707/1341/36
f 723/1342/37 705/1343/37 706/1344/37
f 724/1345/38 704/1346/38 705/1347/38
f 704/1348/39 726/1349/39 703/1350/39
f 726/1351/40 702/1352/40 703/1353/40
f 727/1354/41 701/1355/41 702/1356/41
f 728/1357/42 700/1358/42 701/1359/42
f 729/1360/43 699/1361/43 700/1362/43
f 730/1363/44 698/1364/44 699/1365/44
f 731/1366/45 697/1367/45 698/1368/45
f 697/1369/46 733/1370/46 696/1371/46
f 696/1372/47 734/1373/47 695/1374/47
f 734/1375/48 1/1376/48 695/1377/48
f 762/1378/10 675/1379/10 748/1380/10
f 713/1381/3 676/1382/3 675/1383/3
f 712/1384/49 677/1385/49 676/1386/49
f 711/1387/49 678/1388/49 677/1389/49
f 678/1390/50 709/1391/50 679/1392/50
f 709/1393/51 680/1394/51 679/1395/51
f 680/1396/52 707/1397/52 681/1398/52
f 707/1399/53 682/1400/53 681/1401/53
f 706/1402/54 683/1403/54 682/1404/54
f 705/1405/55 684/1406/55 683/1407/55
f 704/1408/56 685/1409/56 684/1410/56
f 703/1411/57 686/1412/57 685/1413/57
f 702/1414/58 687/1415/58 686/1416/58
f 701/1417/59 688/1418/59 687/1419/59
f 700/1420/60 689/1421/60 688/1422/60
f 689/1423/61 698/1424/61 690/1425/61
f 690/1426/62 697/1427/62 691/1428/62
f 697/1429/63 692/1430/63 691/1431/63
f 696/1432/64 693/1433/64 692/1434/64
f 695/1435/65 166/1436/65 693/1437/65
f 1/1438/66 674/1439/66 166/1440/66
f 715/1441/67 117/1442/67 653/1443/67
f 255/1444/68 654/1445/68 117/1446/68
f 734/1447/69 655/1448/69 654/1449/69
f 733/1450/70 656/1451/70 655/1452/70
f 732/1453/71 657/1454/71 656/1455/71
f 731/1456/72 658/1457/72 657/1458/72
f 658/1459/73 729/1460/73 659/1461/73
f 729/1462/74 660/1463/74 659/1464/74
f 728/1465/75 661/1466/75 660/1467/75
f 727/1468/76 662/1469/76 661/1470/76
f 726/1471/77 663/1472/77 662/1473/77
f 725/1474/78 664/1475/78 663/1476/78
f 724/1477/79 665/1478/79 664/1479/79
f 723/1480/80 666/1481/80 665/1482/80
f 666/1483/81 721/1484/81 667/1485/81
f 721/1486/82 668/1487/82 667/1488/82
f 668/1489/83 719/1490/83 669/1491/83
f 719/1492/84 670/1493/84 669/1494/84
f 718/1495/84 671/1496/84 670/1497/84
f 717/1498/1 672/1499/1 671/1500/1
f 741/1501/85 651/1502/85 650/1503/85
f 735/1504/86 761/1505/86 748/1506/86
f 736/1507/87 760/1508/87 761/1509/87
f 737/1510/27 759/1511/27 760/1512/27
f 738/1513/88 758/1514/88 759/1515/88
f 758/1516/89 739/1517/89 757/1518/89
f 739/1519/90 756/1520/90 757/1521/90
f 740/1522/91 755/1523/91 756/1524/91
f 755/1525/92 741/1526/92 742/1527/92
f 755/1528/93 742/1529/93 754/1530/93
f 742/1531/94 753/1532/94 754/1533/94
f 743/1534/14 752/1535/14 753/1536/14
f 744/1537/14 751/1538/14 752/1539/14
f 745/1540/2 750/1541/2 751/1542/2
f 746/1543/31 749/1544/31 750/1545/31
f 776/1546/95 763/1547/95 789/1548/95
f 789/1549/96 763/1550/96 764/1551/96
f 789/1552/97 764/1553/97 788/1554/97
f 788/1555/98 765/1556/98 787/1557/98
f 787/1558/43 766/1559/43 786/1560/43
f 786/1561/99 767/1562/99 785/1563/99
f 785/1564/100 768/1565/100 784/1566/100
f 784/1567/101 769/1568/101 714/1569/101
f 714/1570/102 769/1571/102 783/1572/102
f 783/1573/103 769/1574/103 770/1575/103
f 783/1576/104 770/1577/104 782/1578/104
f 770/1579/33 781/1580/33 782/1581/33
f 771/1582/32 780/1583/32 781/1584/32
f 772/1585/32 779/1586/32 780/1587/32
f 773/1588/4 778/1589/4 779/1590/4
f 774/1591/105 777/1592/105 778/1593/105
f 748/1594/66 763/1595/66 762/1596/66
f 763/1597/64 761/1598/64 764/1599/64
f 764/1600/106 761/1601/106 760/1602/106
f 760/1603/107 765/1604/107 764/1605/107
f 759/1606/108 766/1607/108 765/1608/108
f 766/1609/109 758/1610/109 767/1611/109
f 767/1612/109 758/1613/109 757/1614/109
f 757/1615/110 768/1616/110 767/1617/110
f 768/1618/111 756/1619/111 769/1620/111
f 769/1621/112 756/1622/112 755/1623/112
f 769/1624/113 754/1625/113 770/1626/113
f 754/1627/50 771/1628/50 770/1629/50
f 753/1630/49 772/1631/49 771/1632/49
f 752/1633/49 773/1634/49 772/1635/49
f 751/1636/3 774/1637/3 773/1638/3
f 750/1639/66 775/1640/66 774/1641/66
f 747/1642/67 778/1643/67 777/1644/67
f 746/1645/1 779/1646/1 778/1647/1
f 745/1648/84 780/1649/84 779/1650/84
f 744/1651/84 781/1652/84 780/1653/84
f 781/1654/114 742/1655/114 782/1656/114
f 782/1657/115 742/1658/115 783/1659/115
f 783/1660/116 741/1661/116 714/1662/116
f 714/1663/117 741/1664/117 740/1665/117
f 714/1666/118 740/1667/118 784/1668/118
f 784/1669/119 739/1670/119 785/1671/119
f 785/1672/120 739/1673/120 786/1674/120
f 786/1675/73 738/1676/73 787/1677/73
f 738/1678/121 788/1679/121 787/1680/121
f 788/1681/122 737/1682/122 736/1683/122
f 788/1684/122 736/1685/122 789/1686/122
f 736/1687/123 776/1688/123 789/1689/123
f 47/1/1 514/1690/1 551/2/1
f 30/4/2 393/1691/2 394/5/2
f 61/7/2 601/1692/2 602/8/2
f 102/10/3 556/1693/3 517/11/3
f 79/13/4 391/1694/4 392/14/4
f 109/16/4 599/1695/4 600/17/4
f 91/19/1 510/1696/1 547/20/1
f 183/22/2 389/1697/2 390/23/2
f 241/25/2 597/1698/2 598/26/2
f 99/28/3 552/1699/3 513/29/3
f 29/31/4 387/1700/4 388/32/4
f 60/34/4 595/1701/4 596/35/4
f 220/37/1 502/1702/1 539/38/1
f 78/40/2 385/1703/2 386/41/2
f 239/43/2 593/1704/2 594/44/2
f 145/46/3 508/1705/3 469/47/3
f 180/49/4 383/1706/4 384/50/4
f 238/52/4 591/1707/4 592/53/4
f 217/55/1 498/1708/1 535/56/1
f 178/58/2 381/1709/2 382/59/2
f 58/61/2 589/1710/2 590/62/2
f 305/64/3 540/1711/3 501/65/3
f 28/67/4 379/1712/4 380/68/4
f 318/70/4 587/1713/4 588/71/4
f 297/73/1 494/1714/1 531/74/1
f 26/76/2 377/1715/2 378/77/2
f 56/79/2 585/1716/2 586/80/2
f 229/82/3 536/1717/3 497/83/3
f 125/85/4 375/1718/4 376/86/4
f 237/88/4 583/1719/4 584/89/4
f 294/91/1 490/1720/1 527/92/1
f 124/94/2 373/1721/2 374/95/2
f 159/97/2 581/1722/2 582/98/2
f 97/100/3 532/1723/3 493/101/3
f 24/103/4 371/1724/4 372/104/4
f 315/106/4 579/1725/4 580/107/4
f 214/109/1 486/1726/1 523/110/1
f 177/112/2 369/1727/2 370/113/2
f 108/115/2 577/1728/2 578/116/2
f 150/118/3 528/1729/3 489/119/3
f 175/121/4 367/1730/4 368/122/4
f 236/124/4 575/1731/4 576/125/4
f 211/127/1 482/1732/1 519/128/1
f 174/130/2 365/1733/2 366/131/2
f 311/133/2 573/1734/2 574/134/2
f 148/136/3 524/1735/3 485/137/3
f 13/139/4 363/1736/4 364/140/4
f 234/142/4 571/1737/4 572/143/4
f 293/145/1 478/1738/1 515/146/1
f 31/148/2 361/1739/2 362/149/2
f 310/151/2 569/1740/2 570/152/2
f 224/154/3 520/1741/3 481/155/3
f 264/157/4 359/1742/4 360/158/4
f 55/160/4 567/1743/4 568/161/4
f 208/163/1 474/1744/1 511/164/1
f 122/166/2 357/1745/2 358/167/2
f 308/169/2 565/1746/2 566/170/2
f 222/172/3 516/1747/3 477/173/3
f 262/175/4 355/1748/4 356/176/4
f 107/178/4 563/1749/4 564/179/4
f 137/181/1 466/1750/1 503/182/1
f 75/184/2 353/1751/2 354/185/2
f 158/187/2 561/1752/2 562/188/2
f 46/190/3 472/1753/3 433/191/3
f 22/193/4 351/1754/4 352/194/4
f 105/196/4 559/1755/4 560/197/4
f 136/199/1 462/1756/1 499/200/1
f 259/202/2 349/1757/2 350/203/2
f 103/205/2 557/1758/2 558/206/2
f 143/208/3 504/1759/3 465/209/3
f 172/211/4 347/1760/4 348/212/4
f 101/214/4 555/1761/4 556/215/4
f 289/217/1 458/1762/1 495/218/1
f 151/220/1 542/1763/1 579/221/1
f 74/223/2 345/1764/2 346/224/2
f 157/226/2 553/1765/2 554/227/2
f 299/229/3 500/1766/3 461/230/3
f 90/232/1 506/1767/1 543/233/1
f 171/235/4 343/1768/4 344/236/4
f 232/238/4 551/1769/4 552/239/4
f 286/241/1 454/1770/1 491/242/1
f 641/244/5 644/1771/5 610/245/5
f 584/247/5 583/1772/5 546/248/5
f 336/250/5 335/1773/5 616/251/5
f 364/253/5 363/1774/5 326/254/5
f 400/256/5 399/1775/5 362/257/5
f 436/259/5 435/1776/5 398/260/5
f 472/262/5 471/1777/5 434/263/5
f 508/265/5 507/1778/5 470/266/5
f 544/268/5 543/1779/5 506/269/5
f 580/271/5 579/1780/5 542/272/5
f 372/274/5 371/1781/5 334/275/5
f 340/277/5 339/1782/5 618/278/5
f 344/280/5 343/1783/5 620/281/5
f 348/283/5 347/1784/5 622/284/5
f 352/286/5 351/1785/5 624/287/5
f 356/289/5 355/1786/5 626/290/5
f 360/292/5 359/1787/5 628/293/5
f 328/295/5 327/1788/5 648/296/5
f 332/298/5 331/1789/5 614/299/5
f 376/301/5 375/1790/5 338/302/5
f 380/304/5 379/1791/5 342/305/5
f 384/307/5 383/1792/5 346/308/5
f 388/310/5 387/1793/5 350/311/5
f 392/313/5 391/1794/5 354/314/5
f 396/316/5 395/1795/5 358/317/5
f 408/319/5 407/1796/5 370/320/5
f 368/322/5 367/1797/5 330/323/5
f 412/325/5 411/1798/5 374/326/5
f 416/328/5 415/1799/5 378/329/5
f 420/331/5 419/1800/5 382/332/5
f 424/334/5 423/1801/5 386/335/5
f 428/337/5 427/1802/5 390/338/5
f 432/340/5 431/1803/5 394/341/5
f 444/343/5 443/1804/5 406/344/5
f 404/346/5 403/1805/5 366/347/5
f 448/349/5 447/1806/5 410/350/5
f 452/352/5 451/1807/5 414/353/5
f 456/355/5 455/1808/5 418/356/5
f 460/358/5 459/1809/5 422/359/5
f 464/361/5 463/1810/5 426/362/5
f 468/364/5 467/1811/5 430/365/5
f 480/367/5 479/1812/5 442/368/5
f 440/370/5 439/1813/5 402/371/5
f 484/373/5 483/1814/5 446/374/5
f 488/376/5 487/1815/5 450/377/5
f 492/379/5 491/1816/5 454/380/5
f 496/382/5 495/1817/5 458/383/5
f 500/385/5 499/1818/5 462/386/5
f 504/388/5 503/1819/5 466/389/5
f 516/391/5 515/1820/5 478/392/5
f 476/394/5 475/1821/5 438/395/5
f 520/397/5 519/1822/5 482/398/5
f 524/400/5 523/1823/5 486/401/5
f 528/403/5 527/1824/5 490/404/5
f 532/406/5 531/1825/5 494/407/5
f 536/409/5 535/1826/5 498/410/5
f 540/412/5 539/1827/5 502/413/5
f 552/415/5 551/1828/5 514/416/5
f 512/418/5 511/1829/5 474/419/5
f 556/421/5 555/1830/5 518/422/5
f 560/424/5 559/1831/5 522/425/5
f 564/427/5 563/1832/5 526/428/5
f 568/430/5 567/1833/5 530/431/5
f 572/433/5 571/1834/5 534/434/5
f 576/436/5 575/1835/5 538/437/5
f 588/439/5 587/1836/5 550/440/5
f 548/442/5 547/1837/5 510/443/5
f 592/445/5 591/1838/5 554/446/5
f 596/448/5 595/1839/5 558/449/5
f 600/451/5 599/1840/5 562/452/5
f 604/454/5 603/1841/5 566/455/5
f 608/457/5 607/1842/5 570/458/5
f 612/460/5 611/1843/5 574/461/5
f 646/463/5 630/1844/5 582/464/5
f 629/466/5 632/1845/5 586/467/5
f 631/469/5 634/1846/5 590/470/5
f 633/472/5 636/1847/5 594/473/5
f 635/475/5 638/1848/5 598/476/5
f 637/478/5 640/1849/5 602/479/5
f 639/481/5 642/1850/5 606/482/5
f 643/484/5 645/1851/5 578/485/5
f 65/487/4 603/1852/4 604/488/4
f 186/490/4 395/1853/4 396/491/4
f 106/493/3 560/1854/3 521/494/3
f 64/496/2 605/1855/2 606/497/2
f 187/499/2 397/1856/2 398/500/2
f 93/502/1 518/1857/1 555/503/1
f 321/505/4 607/1858/4 608/506/4
f 271/508/4 399/1859/4 400/509/4
f 53/511/3 564/1860/3 525/512/3
f 66/514/2 609/1861/2 610/515/2
f 272/517/2 401/1862/2 402/518/2
f 95/520/1 522/1863/1 559/521/1
f 68/523/4 611/1864/4 612/524/4
f 189/526/4 403/1865/4 404/527/4
f 54/529/3 568/1866/3 529/530/3
f 16/532/3 336/1867/3 613/533/3
f 81/535/2 405/1868/2 406/536/2
f 225/538/1 526/1869/1 563/539/1
f 322/541/1 614/1870/1 331/542/1
f 33/544/4 407/1871/4 408/545/4
f 235/547/3 572/1872/3 533/548/3
f 170/550/3 340/1873/3 615/551/3
f 130/553/2 409/1874/2 410/554/2
f 49/556/1 530/1875/1 567/557/1
f 245/559/1 616/1876/1 335/560/1
f 273/562/4 411/1877/4 412/563/4
f 313/565/3 576/1878/3 537/566/3
f 120/568/3 344/1879/3 617/569/3
f 35/571/2 413/1880/2 414/572/2
f 227/574/1 534/1881/1 571/575/1
f 111/577/1 618/1882/1 339/578/1
f 275/580/4 415/1883/4 416/581/4
f 153/583/3 544/1884/3 505/584/3
f 173/586/3 348/1885/3 619/587/3
f 37/589/2 417/1886/2 418/590/2
f 230/592/1 538/1887/1 575/593/1
f 164/595/1 620/1888/1 343/596/1
f 277/598/4 419/1889/4 420/599/4
f 57/601/3 588/1890/3 549/602/3
f 260/604/3 352/1891/3 621/605/3
f 278/607/2 421/1892/2 422/608/2
f 155/610/1 546/1893/1 583/611/1
f 247/613/1 622/1894/1 347/614/1
f 191/616/4 423/1895/4 424/617/4
f 162/619/3 592/1896/3 553/620/3
f 21/622/3 356/1897/3 623/623/3
f 82/625/2 425/1898/2 426/626/2
f 52/628/1 550/1899/1 587/629/1
f 113/631/1 624/1900/1 351/632/1
f 132/634/4 427/1901/4 428/635/4
f 59/637/3 596/1902/3 557/638/3
f 265/640/3 360/1903/3 625/641/3
f 133/643/2 429/1904/2 430/644/2
f 100/646/1 554/1905/1 591/647/1
f 115/649/1 626/1906/1 355/650/1
f 193/652/4 431/1907/4 432/653/4
f 243/655/3 600/1908/3 561/656/3
f 23/658/3 328/1909/3 627/659/3
f 194/661/2 433/1910/2 434/662/2
f 104/664/1 558/1911/1 595/665/1
f 11/667/1 628/1912/1 359/668/1
f 15/670/4 435/1913/4 436/671/4
f 62/673/3 604/1914/3 565/674/3
f 123/676/3 372/1915/3 333/677/3
f 196/679/2 437/1916/2 438/680/2
f 307/682/1 562/1917/1 599/683/1
f 169/685/1 330/1918/1 367/686/1
f 134/688/4 439/1919/4 440/689/4
f 110/691/3 608/1920/3 569/692/3
f 126/694/3 376/1921/3 337/695/3
f 198/697/2 441/1922/2 442/698/2
f 309/700/1 566/1923/1 603/701/1
f 257/703/1 334/1924/1 371/704/1
f 40/706/4 443/1925/4 444/707/4
f 67/709/3 612/1926/3 573/710/3
f 27/712/3 380/1927/3 341/713/3
f 200/715/2 445/1928/2 446/716/2
f 233/718/1 570/1929/1 607/719/1
f 17/721/1 338/1930/1 375/722/1
f 85/724/4 447/1931/4 448/725/4
f 316/727/3 580/1932/3 541/728/3
f 181/730/3 384/1933/3 345/731/3
f 282/733/2 449/1934/2 450/734/2
f 312/736/1 574/1935/1 611/737/1
f 19/739/1 342/1936/1 379/740/1
f 284/742/4 451/1937/4 452/743/4
f 7/745/3 629/1938/3 585/746/3
f 268/748/3 388/1939/3 349/749/3
f 285/751/2 453/1940/2 454/752/2
f 160/754/1 582/1941/1 630/755/1
f 121/757/1 346/1942/1 383/758/1
f 202/760/4 455/1943/4 456/761/4
f 116/763/3 631/1944/3 589/764/3
f 185/766/3 392/1945/3 353/767/3
f 288/769/2 457/1946/2 458/770/2
f 161/772/1 586/1947/1 632/773/1
f 20/775/1 350/1948/1 387/776/1
f 135/778/4 459/1949/4 460/779/4
f 5/781/3 633/1950/3 593/782/3
f 269/784/3 396/1951/3 357/785/3
f 204/787/2 461/1952/2 462/788/2
f 319/790/1 590/1953/1 634/791/1
f 261/793/1 354/1954/1 391/794/1
f 87/796/4 463/1955/4 464/797/4
f 3/799/3 635/1956/3 597/800/3
f 76/802/3 364/1957/3 325/803/3
f 205/805/2 465/1958/2 466/806/2
f 240/808/1 594/1959/1 636/809/1
f 263/811/1 358/1960/1 395/812/1
f 138/814/4 467/1961/4 468/815/4
f 2/817/3 637/1962/3 601/818/3
f 129/820/3 408/1963/3 369/821/3
f 45/823/2 469/1964/2 470/824/2
f 242/826/1 598/1965/1 638/827/1
f 266/829/1 366/1966/1 403/830/1
f 291/832/4 471/1967/4 472/833/4
f 249/835/3 639/1968/3 605/836/3
f 274/838/3 412/1969/3 373/839/3
f 207/841/2 473/1970/2 474/842/2
f 63/844/1 602/1971/1 640/845/1
f 267/847/1 370/1972/1 407/848/1
f 292/850/4 475/1973/4 476/851/4
f 251/853/3 641/1974/3 609/854/3
f 36/856/3 416/1975/3 377/857/3
f 42/859/2 477/1976/2 478/860/2
f 320/862/1 606/1977/1 642/863/1
f 25/865/1 374/1978/1 411/866/1
f 43/868/4 479/1979/4 480/869/4
f 253/871/3 643/1980/3 577/872/3
f 131/874/3 420/1981/3 381/875/3
f 210/877/2 481/1982/2 482/878/2
f 69/880/1 610/1983/1 644/881/1
f 77/883/1 378/1984/1 415/884/1
f 212/886/4 483/1985/4 484/887/4
f 255/889/4 645/1986/4 643/890/4
f 192/892/3 424/1987/3 385/893/3
f 213/895/2 485/1988/2 486/896/2
f 314/898/1 578/1989/1 645/899/1
f 179/901/1 382/1990/1 419/902/1
f 141/904/4 487/1991/4 488/905/4
f 254/907/4 644/1992/4 641/908/4
f 279/910/3 428/1993/3 389/911/3
f 89/913/2 489/1994/2 490/914/2
f 252/916/4 642/1995/4 639/917/4
f 182/919/1 386/1996/1 423/920/1
f 295/922/4 491/1997/4 492/923/4
f 250/925/4 640/1998/4 637/926/4
f 280/928/3 432/1999/3 393/929/3
f 142/931/2 493/2000/2 494/932/2
f 248/934/4 638/2001/4 635/935/4
f 184/937/1 390/2002/1 427/938/1
f 298/940/4 495/2003/4 496/941/4
f 4/943/4 636/2004/4 633/944/4
f 128/946/3 400/2005/3 361/947/3
f 44/949/2 497/2006/2 498/950/2
f 6/952/4 634/2007/4 631/953/4
f 127/955/1 394/2008/1 431/956/1
f 218/958/4 499/2009/4 500/959/4
f 165/961/4 632/2010/4 629/962/4
f 84/964/3 444/2011/3 405/965/3
f 219/967/2 501/2012/2 502/968/2
f 8/970/4 630/2013/4 646/971/4
f 188/973/1 402/2014/1 439/974/1
f 221/976/4 503/2015/4 504/977/4
f 1/979/3 646/2016/3 581/980/3
f 86/982/3 448/2017/3 409/983/3
f 50/985/2 505/2018/2 506/986/2
f 317/988/3 584/2019/3 545/989/3
f 32/991/1 406/2020/1 443/992/1
f 144/994/4 507/2021/4 508/995/4
f 98/997/3 548/2022/3 509/998/3
f 41/1000/3 452/2023/3 413/1001/3
f 300/1003/2 509/2024/2 510/1004/2
f 9/1006/3 512/2025/3 473/1007/3
f 34/1009/1 410/2026/1 447/1010/1
f 301/1012/4 511/2027/4 512/1013/4
f 209/1015/3 476/2028/3 437/1016/3
f 287/1018/3 456/2029/3 417/1019/3
f 146/1021/2 513/2030/2 514/1022/2
f 10/1024/3 440/2031/3 401/1025/3
f 190/1027/1 414/2032/1 451/1028/1
f 92/1030/4 515/2033/4 516/1031/4
f 80/1033/3 404/2034/3 365/1034/3
f 203/1036/3 460/2035/3 421/1037/3
f 223/1039/2 517/2036/2 518/1040/2
f 176/1042/3 368/2037/3 329/1043/3
f 276/1045/1 418/2038/1 455/1046/1
f 48/1048/4 519/2039/4 520/1049/4
f 119/1051/3 332/2040/3 647/1052/3
f 290/1054/3 464/2041/3 425/1055/3
f 94/1057/2 521/2042/2 522/1058/2
f 166/1060/2 647/2043/2 614/1061/2
f 38/1063/1 422/2044/1 459/1064/1
f 147/1066/4 523/2045/4 524/1067/4
f 244/1069/2 613/2046/2 616/1070/2
f 206/1072/3 468/2047/3 429/1073/3
f 149/1075/2 525/2048/2 526/1076/2
f 323/1078/2 615/2049/2 618/1079/2
f 39/1081/1 426/2050/1 463/1082/1
f 226/1084/4 527/2051/4 528/1085/4
f 324/1087/2 617/2052/2 620/1088/2
f 195/1090/3 436/2053/3 397/1091/3
f 302/1093/2 529/2054/2 530/1094/2
f 163/1096/2 619/2055/2 622/1097/2
f 83/1099/1 430/2056/1 467/1100/1
f 96/1102/4 531/2057/4 532/1103/4
f 246/1105/2 621/2058/2 624/1106/2
f 88/1108/3 480/2059/3 441/1109/3
f 303/1111/2 533/2060/2 534/1112/2
f 70/1114/2 325/2061/2 326/1115/2
f 112/1117/2 623/2062/2 626/1118/2
f 197/1120/1 438/2063/1 475/1121/1
f 228/1123/4 535/2064/4 536/1124/4
f 167/1126/4 327/2065/4 328/1127/4
f 114/1129/2 625/2066/2 628/1130/2
f 140/1132/3 484/2067/3 445/1133/3
f 304/1135/2 537/2068/2 538/1136/2
f 168/1138/2 329/2069/2 330/1139/2
f 12/1141/2 627/2070/2 648/1142/2
f 199/1144/1 442/2071/1 479/1145/1
f 231/1147/4 539/2072/4 540/1148/4
f 71/1150/4 331/2073/4 332/1151/4
f 117/1153/1 648/2074/1 327/1154/1
f 215/1156/3 488/2075/3 449/1157/3
f 306/1159/2 541/2076/2 542/1160/2
f 256/1162/2 333/2077/2 334/1163/2
f 118/1165/1 326/2078/1 363/1166/1
f 201/1168/1 446/2079/1 483/1169/1
f 152/1171/4 543/2080/4 544/1172/4
f 72/1174/4 335/2081/4 336/1175/4
f 14/1177/1 362/2082/1 399/1178/1
f 296/1180/3 492/2083/3 453/1181/3
f 154/1183/2 545/2084/2 546/1184/2
f 73/1186/2 337/2085/2 338/1187/2
f 270/1189/1 398/2086/1 435/1190/1
f 283/1192/1 450/2087/1 487/1193/1
f 156/1195/4 547/2088/4 548/1196/4
f 258/1198/4 339/2089/4 340/1199/4
f 281/1201/1 434/2090/1 471/1202/1
f 216/1204/3 496/2091/3 457/1205/3
f 51/1207/2 549/2092/2 550/1208/2
f 18/1210/2 341/2093/2 342/1211/2
f 139/1213/1 470/2094/1 507/1214/1
f 653/1218/6 674/2095/6 166/2096/6
f 653/1218/6 166/2096/6 11/1216/6
f 12/1217/6 117/2097/6 653/1218/6
f 652/1219/7 649/2098/7 650/1220/7
f 1/1222/8 694/2099/8 715/1223/8
f 7/1225/4 5/2100/4 6/1226/4
f 167/2101/5 117/2102/5 166/2103/5
f 167/2101/5 166/2103/5 119/2104/5
f 118/2105/5 167/2101/5 119/2104/5
f 118/2105/5 119/2104/5 168/2106/5
f 13/2107/5 118/2105/5 168/2106/5
f 13/2107/5 168/2106/5 176/2108/5
f 14/2109/5 13/2107/5 176/2108/5
f 14/2109/5 176/2108/5 174/2110/5
f 271/2111/5 14/2109/5 174/2110/5
f 271/2111/5 174/2110/5 80/2112/5
f 270/2113/5 271/2111/5 80/2112/5
f 270/2113/5 80/2112/5 272/2114/5
f 15/2115/5 270/2113/5 272/2114/5
f 15/2115/5 272/2114/5 10/2116/5
f 281/2117/5 15/2115/5 10/2116/5
f 281/2117/5 10/2116/5 196/2118/5
f 291/2119/5 281/2117/5 196/2118/5
f 291/2119/5 196/2118/5 209/2120/5
f 139/2121/5 291/2119/5 209/2120/5
f 139/2121/5 209/2120/5 207/2122/5
f 144/2123/5 139/2121/5 207/2122/5
f 144/2123/5 207/2122/5 9/2124/5
f 90/2125/5 144/2123/5 9/2124/5
f 90/2125/5 9/2124/5 300/2126/5
f 152/2127/5 90/2125/5 300/2126/5
f 152/2127/5 300/2126/5 98/2128/5
f 151/2129/5 152/2127/5 98/2128/5
f 151/2129/5 98/2128/5 154/2130/5
f 315/2131/5 151/2129/5 154/2130/5
f 315/2131/5 154/2130/5 317/1228/5
f 1/2132/5 255/2133/5 314/1230/5
f 314/1230/5 315/2131/5 317/1228/5
f 159/1229/5 1/2132/5 314/1230/5
f 255/2134/9 715/2135/9 653/1231/9
f 653/1231/9 117/2136/9 167/2137/9
f 653/1231/9 167/2137/9 118/2138/9
f 314/2139/9 255/2134/9 653/1231/9
f 315/2140/9 314/2139/9 653/1231/9
f 653/1231/9 118/2138/9 13/2141/9
f 653/1231/9 13/2141/9 14/2142/9
f 151/2143/9 315/2140/9 653/1231/9
f 152/2144/9 151/2143/9 653/1231/9
f 653/1231/9 14/2142/9 271/2145/9
f 653/1231/9 271/2145/9 270/2146/9
f 90/2147/9 152/2144/9 653/1231/9
f 144/2148/9 90/2147/9 653/1231/9
f 653/1231/9 270/2146/9 15/2149/9
f 653/1231/9 15/2149/9 281/2150/9
f 139/1233/9 144/2148/9 653/1231/9
f 653/1231/9 281/2150/9 291/1232/9
f 166/2151/10 674/2152/10 694/1234/10
f 694/1234/10 1/2153/10 159/2154/10
f 694/1234/10 159/2154/10 317/2155/10
f 119/2156/10 166/2151/10 694/1234/10
f 168/2157/10 119/2156/10 694/1234/10
f 694/1234/10 317/2155/10 154/2158/10
f 694/1234/10 154/2158/10 98/2159/10
f 176/2160/10 168/2157/10 694/1234/10
f 174/2161/10 176/2160/10 694/1234/10
f 694/1234/10 98/2159/10 300/2162/10
f 694/1234/10 300/2162/10 9/2163/10
f 80/2164/10 174/2161/10 694/1234/10
f 272/2165/10 80/2164/10 694/1234/10
f 694/1234/10 9/2163/10 207/2166/10
f 694/1234/10 207/2166/10 209/2167/10
f 10/1236/10 272/2165/10 694/1234/10
f 694/1234/10 209/2167/10 196/1235/10
f 741/1237/124 650/2168/124 649/1238/124
f 166/1240/4 322/2169/4 114/1241/4
f 12/1243/5 11/2170/5 166/1244/5
f 769/1246/125 673/2171/125 649/1247/125
f 769/1249/126 652/2172/126 651/1250/126
f 748/1252/6 675/2173/6 672/1253/6
f 716/1255/9 776/2174/9 735/1256/9
f 675/1258/2 676/2175/2 671/1259/2
f 676/1261/14 677/2176/14 670/1262/14
f 677/1264/14 678/2177/14 669/1265/14
f 678/1267/15 679/2178/15 668/1268/15
f 679/1270/16 680/2179/16 667/1271/16
f 680/1273/17 681/2180/17 666/1274/17
f 681/1276/18 682/2181/18 665/1277/18
f 682/1279/19 683/2182/19 664/1280/19
f 683/1282/20 684/2183/20 663/1283/20
f 663/1285/21 684/2184/21 685/1286/21
f 685/1288/22 686/2185/22 661/1289/22
f 686/1291/23 687/2186/23 660/1292/23
f 687/1294/24 688/2187/24 659/1295/24
f 688/1297/25 689/2188/25 658/1298/25
f 689/1300/26 690/2189/26 657/1301/26
f 690/1303/27 691/2190/27 656/1304/27
f 656/1306/28 691/2191/28 692/1307/28
f 655/1309/127 692/2192/127 693/1310/127
f 693/1312/30 166/2193/30 117/1313/30
f 776/1318/8 716/2194/8 713/1319/8
f 716/1321/4 717/2195/4 712/1322/4
f 717/1324/32 718/2196/32 711/1325/32
f 718/1327/32 719/2197/32 710/1328/32
f 719/1330/33 720/2198/33 709/1331/33
f 720/1333/34 721/2199/34 708/1334/34
f 721/1336/35 722/2200/35 707/1337/35
f 722/1339/36 723/2201/36 706/1340/36
f 723/1342/37 724/2202/37 705/1343/37
f 724/1345/38 725/2203/38 704/1346/38
f 704/1348/39 725/2204/39 726/1349/39
f 726/1351/40 727/2205/40 702/1352/40
f 727/1354/41 728/2206/41 701/1355/41
f 728/1357/42 729/2207/42 700/1358/42
f 729/1360/43 730/2208/43 699/1361/43
f 730/1363/44 731/2209/44 698/1364/44
f 731/1366/45 732/2210/45 697/1367/45
f 697/1369/46 732/2211/46 733/1370/46
f 696/1372/96 733/2212/96 734/1373/96
f 734/1375/48 255/2213/48 1/1376/48
f 762/1378/10 713/2214/10 675/1379/10
f 713/1381/3 712/2215/3 676/1382/3
f 712/1384/49 711/2216/49 677/1385/49
f 711/1387/49 710/2217/49 678/1388/49
f 678/1390/50 710/2218/50 709/1391/50
f 709/1393/128 708/2219/128 680/1394/128
f 680/1396/52 708/2220/52 707/1397/52
f 707/1399/53 706/2221/53 682/1400/53
f 706/1402/54 705/2222/54 683/1403/54
f 705/1405/55 704/2223/55 684/1406/55
f 704/1408/129 703/2224/129 685/1409/129
f 703/1411/57 702/2225/57 686/1412/57
f 702/1414/58 701/2226/58 687/1415/58
f 701/1417/59 700/2227/59 688/1418/59
f 700/1420/60 699/2228/60 689/1421/60
f 689/1423/130 699/2229/130 698/1424/130
f 690/1426/62 698/2230/62 697/1427/62
f 697/1429/63 696/2231/63 692/1430/63
f 696/1432/131 695/2232/131 693/1433/131
f 695/1435/65 1/2233/65 166/1436/65
f 1/1438/66 694/2234/66 674/1439/66
f 715/1441/67 255/2235/67 117/1442/67
f 255/1444/132 734/2236/132 654/1445/132
f 734/1447/133 733/2237/133 655/1448/133
f 733/1450/70 732/2238/70 656/1451/70
f 732/1453/71 731/2239/71 657/1454/71
f 731/1456/72 730/2240/72 658/1457/72
f 658/1459/73 730/2241/73 729/1460/73
f 729/1462/74 728/2242/74 660/1463/74
f 728/1465/75 727/2243/75 661/1466/75
f 727/1468/76 726/2244/76 662/1469/76
f 726/1471/134 725/2245/134 663/1472/134
f 725/1474/78 724/2246/78 664/1475/78
f 724/1477/79 723/2247/79 665/1478/79
f 723/1480/80 722/2248/80 666/1481/80
f 666/1483/81 722/2249/81 721/1484/81
f 721/1486/135 720/2250/135 668/1487/135
f 668/1489/83 720/2251/83 719/1490/83
f 719/1492/84 718/2252/84 670/1493/84
f 718/1495/84 717/2253/84 671/1496/84
f 717/1498/1 716/2254/1 672/1499/1
f 741/1501/136 714/2255/136 651/1502/136
f 735/1504/86 736/2256/86 761/1505/86
f 736/1507/87 737/2257/87 760/1508/87
f 737/1510/137 738/2258/137 759/1511/137
f 738/1513/138 739/2259/138 758/1514/138
f 739/1519/139 740/2260/139 756/1520/139
f 740/1522/140 741/2261/140 755/1523/140
f 742/1531/141 743/2262/141 753/1532/141
f 743/1534/14 744/2263/14 752/1535/14
f 744/1537/14 745/2264/14 751/1538/14
f 745/1540/2 746/2265/2 750/1541/2
f 746/1543/31 747/2266/31 749/1544/31
f 776/1546/105 762/2267/105 763/1547/105
f 788/1555/142 764/2268/142 765/1556/142
f 787/1558/143 765/2269/143 766/1559/143
f 786/1561/99 766/2270/99 767/1562/99
f 785/1564/100 767/2271/100 768/1565/100
f 784/1567/144 768/2272/144 769/1568/144
f 770/1579/33 771/2273/33 781/1580/33
f 771/1582/32 772/2274/32 780/1583/32
f 772/1585/32 773/2275/32 779/1586/32
f 773/1588/4 774/2276/4 778/1589/4
f 774/1591/105 775/2277/105 777/1592/105
f 748/1594/145 761/2278/145 763/1595/145
f 760/1603/146 759/2279/146 765/1604/146
f 759/1606/108 758/2280/108 766/1607/108
f 757/1615/110 756/2281/110 768/1616/110
f 769/1624/147 755/2282/147 754/1625/147
f 754/1627/50 753/2283/50 771/1628/50
f 753/1630/49 752/2284/49 772/1631/49
f 752/1633/49 751/2285/49 773/1634/49
f 751/1636/3 750/2286/3 774/1637/3
f 750/1639/66 749/2287/66 775/1640/66
f 747/1642/67 746/2288/67 778/1643/67
f 746/1645/1 745/2289/1 779/1646/1
f 745/1648/84 744/2290/84 780/1649/84
f 744/1651/84 743/2291/84 781/1652/84
f 781/1654/148 743/2292/148 742/1655/148
f 783/1660/149 742/2293/149 741/1661/149
f 784/1669/150 740/2294/150 739/1670/150
f 786/1675/151 739/2295/151 738/1676/151
f 738/1678/121 737/2296/121 788/1679/121
f 736/1687/123 735/2297/123 776/1688/123
l 4 3
l 244 322
l 323 245
l 324 111
l 163 164
l 246 247
l 112 113
l 114 115
l 165 116
l 248 2
l 250 249
l 252 251
l 254 253
l 139 281
l 144 291
l 119 209
l 166 196
